[
    {
        "user": "U7H4REF47",
        "text": "<@U7H4REF47> has joined the channel",
        "type": "message",
        "subtype": "channel_join",
        "ts": "1507645561.000223"
    },
    {
        "user": "U7G0224R1",
        "text": "<@U7G0224R1> has joined the channel",
        "type": "message",
        "subtype": "channel_join",
        "ts": "1507645765.000593"
    },
    {
        "user": "U7FCKAGMN",
        "text": "<@U7FCKAGMN> has joined the channel",
        "type": "message",
        "subtype": "channel_join",
        "ts": "1507645784.000428"
    },
    {
        "user": "U7GUF8GPQ",
        "text": "<@U7GUF8GPQ> has joined the channel",
        "type": "message",
        "subtype": "channel_join",
        "ts": "1507646156.000728"
    },
    {
        "user": "U7G07658B",
        "text": "<@U7G07658B> has joined the channel",
        "type": "message",
        "subtype": "channel_join",
        "ts": "1507646199.000349"
    },
    {
        "user": "U7G5A88LB",
        "text": "<@U7G5A88LB> has joined the channel",
        "type": "message",
        "subtype": "channel_join",
        "ts": "1507661658.000534"
    }
]