[
    {
        "type": "message",
        "user": "U7G07658B",
        "text": "a nice tool for time tracking <https:\/\/toggl.com\/>",
        "attachments": [
            {
                "title": "Toggl - Time Tracker &amp; Employee Timesheet Software",
                "title_link": "https:\/\/toggl.com\/",
                "text": "Best time tracking system for a small business. A simple online timer with a powerful timesheet calculator. Syncs with iOS &amp; Android app.",
                "fallback": "Toggl - Time Tracker &amp; Employee Timesheet Software",
                "image_url": "https:\/\/toggl.com\/images\/share-img\/fb-share-img.jpg",
                "from_url": "https:\/\/toggl.com\/",
                "image_width": 476,
                "image_height": 250,
                "image_bytes": 546460,
                "service_icon": "https:\/\/toggl.com\/images\/share-img\/apple-touch-icon-57x57.png",
                "service_name": "Toggl",
                "id": 1
            }
        ],
        "ts": "1508118973.000079"
    },
    {
        "type": "message",
        "user": "U7G07658B",
        "text": "daily scrum at microsoft \n<https:\/\/www.youtube.com\/watch?time_continue=6&amp;v=-UUrLxNBK_g>",
        "attachments": [
            {
                "service_name": "YouTube",
                "service_url": "https:\/\/www.youtube.com\/",
                "title": "Scrum at Microsoft: See the TFS Agile Team do a Scrum (aka Stand Up) - Long",
                "title_link": "https:\/\/www.youtube.com\/watch?time_continue=6&amp;v=-UUrLxNBK_g",
                "author_name": "SSW TV | Videos for developers, by developers",
                "author_link": "https:\/\/www.youtube.com\/user\/sswtechtalks",
                "thumb_url": "https:\/\/i.ytimg.com\/vi\/-UUrLxNBK_g\/hqdefault.jpg",
                "thumb_width": 480,
                "thumb_height": 360,
                "fallback": "YouTube Video: Scrum at Microsoft: See the TFS Agile Team do a Scrum (aka Stand Up) - Long",
                "video_html": "<iframe width=\"400\" height=\"225\" src=\"https:\/\/www.youtube.com\/embed\/-UUrLxNBK_g?feature=oembed&autoplay=1&iv_load_policy=3\" frameborder=\"0\" allowfullscreen><\/iframe>",
                "video_html_width": 400,
                "video_html_height": 225,
                "from_url": "https:\/\/www.youtube.com\/watch?time_continue=6&amp;v=-UUrLxNBK_g",
                "service_icon": "https:\/\/a.slack-edge.com\/2089\/img\/unfurl_icons\/youtube.png",
                "id": 1
            }
        ],
        "ts": "1508119008.000037",
        "reactions": [
            {
                "name": "+1",
                "users": [
                    "U7G5A88LB",
                    "U7GUF8GPQ"
                ],
                "count": 2
            }
        ]
    }
]