[
    {
        "type": "message",
        "user": "U7GUF8GPQ",
        "text": "I saw our coordinator, Federico Ciccozzi in an advertisement in the street",
        "ts": "1507899700.000394"
    },
    {
        "type": "message",
        "subtype": "file_share",
        "text": "<@U7GUF8GPQ> uploaded a file: <https:\/\/dsdsnaslack.slack.com\/files\/U7GUF8GPQ\/F7JPVCWDU\/imagen_subida_desde_ios.jpg|Imagen subida desde iOS>",
        "file": {
            "id": "F7JPVCWDU",
            "created": 1507899739,
            "timestamp": 1507899739,
            "name": "Imagen subida desde iOS.jpg",
            "title": "Imagen subida desde iOS",
            "mimetype": "image\/jpeg",
            "filetype": "jpg",
            "pretty_type": "JPEG",
            "user": "U7GUF8GPQ",
            "editable": false,
            "size": 6117366,
            "mode": "hosted",
            "is_external": false,
            "external_type": "",
            "is_public": true,
            "public_url_shared": false,
            "display_as_bot": false,
            "username": "",
            "url_private": "https:\/\/files.slack.com\/files-pri\/T7FCGNJ5N-F7JPVCWDU\/imagen_subida_desde_ios.jpg?t=xoxe-253424766192-256429102032-256429102144-515642c489",
            "url_private_download": "https:\/\/files.slack.com\/files-pri\/T7FCGNJ5N-F7JPVCWDU\/download\/imagen_subida_desde_ios.jpg?t=xoxe-253424766192-256429102032-256429102144-515642c489",
            "thumb_64": "https:\/\/files.slack.com\/files-tmb\/T7FCGNJ5N-F7JPVCWDU-02c6977b0f\/imagen_subida_desde_ios_64.jpg?t=xoxe-253424766192-256429102032-256429102144-515642c489",
            "thumb_80": "https:\/\/files.slack.com\/files-tmb\/T7FCGNJ5N-F7JPVCWDU-02c6977b0f\/imagen_subida_desde_ios_80.jpg?t=xoxe-253424766192-256429102032-256429102144-515642c489",
            "thumb_360": "https:\/\/files.slack.com\/files-tmb\/T7FCGNJ5N-F7JPVCWDU-02c6977b0f\/imagen_subida_desde_ios_360.jpg?t=xoxe-253424766192-256429102032-256429102144-515642c489",
            "thumb_360_w": 270,
            "thumb_360_h": 360,
            "thumb_480": "https:\/\/files.slack.com\/files-tmb\/T7FCGNJ5N-F7JPVCWDU-02c6977b0f\/imagen_subida_desde_ios_480.jpg?t=xoxe-253424766192-256429102032-256429102144-515642c489",
            "thumb_480_w": 360,
            "thumb_480_h": 480,
            "thumb_160": "https:\/\/files.slack.com\/files-tmb\/T7FCGNJ5N-F7JPVCWDU-02c6977b0f\/imagen_subida_desde_ios_160.jpg?t=xoxe-253424766192-256429102032-256429102144-515642c489",
            "thumb_720": "https:\/\/files.slack.com\/files-tmb\/T7FCGNJ5N-F7JPVCWDU-02c6977b0f\/imagen_subida_desde_ios_720.jpg?t=xoxe-253424766192-256429102032-256429102144-515642c489",
            "thumb_720_w": 540,
            "thumb_720_h": 720,
            "thumb_800": "https:\/\/files.slack.com\/files-tmb\/T7FCGNJ5N-F7JPVCWDU-02c6977b0f\/imagen_subida_desde_ios_800.jpg?t=xoxe-253424766192-256429102032-256429102144-515642c489",
            "thumb_800_w": 800,
            "thumb_800_h": 1067,
            "thumb_960": "https:\/\/files.slack.com\/files-tmb\/T7FCGNJ5N-F7JPVCWDU-02c6977b0f\/imagen_subida_desde_ios_960.jpg?t=xoxe-253424766192-256429102032-256429102144-515642c489",
            "thumb_960_w": 720,
            "thumb_960_h": 960,
            "thumb_1024": "https:\/\/files.slack.com\/files-tmb\/T7FCGNJ5N-F7JPVCWDU-02c6977b0f\/imagen_subida_desde_ios_1024.jpg?t=xoxe-253424766192-256429102032-256429102144-515642c489",
            "thumb_1024_w": 768,
            "thumb_1024_h": 1024,
            "image_exif_rotation": 1,
            "original_w": 3024,
            "original_h": 4032,
            "permalink": "https:\/\/dsdsnaslack.slack.com\/files\/U7GUF8GPQ\/F7JPVCWDU\/imagen_subida_desde_ios.jpg",
            "permalink_public": "https:\/\/slack-files.com\/T7FCGNJ5N-F7JPVCWDU-4255a12fce",
            "channels": [],
            "groups": [],
            "ims": [],
            "comments_count": 0,
            "reactions": [
                {
                    "name": "+1",
                    "users": [
                        "U7H4REF47"
                    ],
                    "count": 1
                }
            ]
        },
        "user": "U7GUF8GPQ",
        "upload": true,
        "display_as_bot": false,
        "username": "jaz17001",
        "bot_id": null,
        "upload_reply_to": "8B31BE5D-8CB0-4515-A7DD-E7C9BD76B170",
        "ts": "1507899745.000366"
    },
    {
        "type": "message",
        "user": "U7G07658B",
        "text": "hahah just saw it a minute ago",
        "ts": "1507901819.000592"
    }
]