[
    {
        "user": "U7H4REF47",
        "text": "<@U7H4REF47> has joined the channel",
        "type": "message",
        "subtype": "channel_join",
        "ts": "1507645561.000223"
    },
    {
        "user": "U7G0224R1",
        "text": "<@U7G0224R1> has joined the channel",
        "type": "message",
        "subtype": "channel_join",
        "ts": "1507645765.000593"
    },
    {
        "user": "U7FCKAGMN",
        "text": "<@U7FCKAGMN> has joined the channel",
        "type": "message",
        "subtype": "channel_join",
        "ts": "1507645784.000428"
    },
    {
        "user": "U7GUF8GPQ",
        "text": "<@U7GUF8GPQ> has joined the channel",
        "type": "message",
        "subtype": "channel_join",
        "ts": "1507646156.000728"
    },
    {
        "user": "U7G07658B",
        "text": "<@U7G07658B> has joined the channel",
        "type": "message",
        "subtype": "channel_join",
        "ts": "1507646199.000349"
    },
    {
        "user": "U7G5A88LB",
        "text": "<@U7G5A88LB> has joined the channel",
        "type": "message",
        "subtype": "channel_join",
        "ts": "1507661658.000534"
    },
    {
        "type": "message",
        "user": "U7G07658B",
        "text": "a nice stream for relaxing \n<https:\/\/www.youtube.com\/watch?v=PFw83-39KWU>",
        "attachments": [
            {
                "service_name": "YouTube",
                "service_url": "https:\/\/www.youtube.com\/",
                "title": "Relaxing Jazz &amp; Bossa Nova Music Radio - 24\/7 Piano &amp; Guitar  Music Live Stream",
                "title_link": "https:\/\/www.youtube.com\/watch?v=PFw83-39KWU",
                "author_name": "Cafe Music BGM channel",
                "author_link": "https:\/\/www.youtube.com\/user\/cafemusicbgmchannel",
                "thumb_url": "https:\/\/i.ytimg.com\/vi\/PFw83-39KWU\/hqdefault.jpg",
                "thumb_width": 480,
                "thumb_height": 360,
                "fallback": "YouTube Video: Relaxing Jazz & Bossa Nova Music Radio - 24\/7 Piano & Guitar  Music Live Stream",
                "video_html": "<iframe width=\"400\" height=\"225\" src=\"https:\/\/www.youtube.com\/embed\/PFw83-39KWU?feature=oembed&autoplay=1&iv_load_policy=3\" frameborder=\"0\" allowfullscreen><\/iframe>",
                "video_html_width": 400,
                "video_html_height": 225,
                "from_url": "https:\/\/www.youtube.com\/watch?v=PFw83-39KWU",
                "service_icon": "https:\/\/a.slack-edge.com\/2089\/img\/unfurl_icons\/youtube.png",
                "id": 1
            }
        ],
        "ts": "1507667922.000196"
    },
    {
        "type": "message",
        "user": "U7G07658B",
        "text": "good night people :smile:",
        "ts": "1507670024.000034",
        "reactions": [
            {
                "name": "sleeping_accommodation",
                "users": [
                    "U7H4REF47",
                    "U7FCKAGMN",
                    "U7GUF8GPQ"
                ],
                "count": 3
            },
            {
                "name": "relieved",
                "users": [
                    "U7G5A88LB"
                ],
                "count": 1
            }
        ]
    },
    {
        "user": "U7GETCHU2",
        "text": "<@U7GETCHU2> has joined the channel",
        "type": "message",
        "subtype": "channel_join",
        "ts": "1507704569.000224"
    }
]