[
    {
        "user": "U7H4REF47",
        "text": "<@U7H4REF47> has joined the channel",
        "type": "message",
        "subtype": "channel_join",
        "ts": "1507645560.000802"
    },
    {
        "user": "U7G0224R1",
        "text": "<@U7G0224R1> has joined the channel",
        "type": "message",
        "subtype": "channel_join",
        "ts": "1507645765.000275"
    },
    {
        "user": "U7FCKAGMN",
        "text": "<@U7FCKAGMN> has joined the channel",
        "type": "message",
        "subtype": "channel_join",
        "ts": "1507645784.000298"
    },
    {
        "user": "U7GUF8GPQ",
        "text": "<@U7GUF8GPQ> has joined the channel",
        "type": "message",
        "subtype": "channel_join",
        "ts": "1507646156.000385"
    },
    {
        "user": "U7G07658B",
        "text": "<@U7G07658B> has joined the channel",
        "type": "message",
        "subtype": "channel_join",
        "ts": "1507646199.000361"
    },
    {
        "type": "message",
        "user": "U7H4REF47",
        "text": "Testing slack export",
        "ts": "1507648690.000531"
    },
    {
        "type": "message",
        "user": "U7H4REF47",
        "text": "<!everyone> can someone send me scrum pdf because I still don't have access to course web ",
        "ts": "1507651848.000408"
    },
    {
        "type": "message",
        "user": "U7GUF8GPQ",
        "text": "<https:\/\/www.fer.unizg.hr\/_download\/repository\/SCRUM_Handbook.pdf>",
        "ts": "1507651985.000562"
    },
    {
        "type": "message",
        "user": "U7GUF8GPQ",
        "text": "Can you see it from here or is it better to attach the pdf?",
        "ts": "1507652027.000547"
    },
    {
        "type": "message",
        "subtype": "file_share",
        "text": "<@U7G0224R1> uploaded a file: <https:\/\/dsdsnaslack.slack.com\/files\/U7G0224R1\/F7G8KB7K7\/scrum_handbook.pdf.pdf|SCRUM_Handbook.pdf>",
        "file": {
            "id": "F7G8KB7K7",
            "created": 1507652037,
            "timestamp": 1507652037,
            "name": "SCRUM_Handbook.pdf.pdf",
            "title": "SCRUM_Handbook.pdf",
            "mimetype": "application\/pdf",
            "filetype": "pdf",
            "pretty_type": "PDF",
            "user": "U7G0224R1",
            "editable": false,
            "size": 7908315,
            "mode": "hosted",
            "is_external": false,
            "external_type": "",
            "is_public": true,
            "public_url_shared": false,
            "display_as_bot": false,
            "username": "",
            "url_private": "https:\/\/files.slack.com\/files-pri\/T7FCGNJ5N-F7G8KB7K7\/scrum_handbook.pdf.pdf?t=xoxe-253424766192-253762141313-253762141393-c93dd9bce5",
            "url_private_download": "https:\/\/files.slack.com\/files-pri\/T7FCGNJ5N-F7G8KB7K7\/download\/scrum_handbook.pdf.pdf?t=xoxe-253424766192-253762141313-253762141393-c93dd9bce5",
            "thumb_pdf": "https:\/\/files.slack.com\/files-tmb\/T7FCGNJ5N-F7G8KB7K7-73993da8af\/scrum_handbook.pdf_thumb_pdf.png?t=xoxe-253424766192-253762141313-253762141393-c93dd9bce5",
            "thumb_pdf_w": 935,
            "thumb_pdf_h": 1210,
            "permalink": "https:\/\/dsdsnaslack.slack.com\/files\/U7G0224R1\/F7G8KB7K7\/scrum_handbook.pdf.pdf",
            "permalink_public": "https:\/\/slack-files.com\/T7FCGNJ5N-F7G8KB7K7-61914457fd",
            "channels": [],
            "groups": [],
            "ims": [],
            "comments_count": 0
        },
        "user": "U7G0224R1",
        "upload": true,
        "display_as_bot": false,
        "username": "marin.marjanovic.zg",
        "bot_id": null,
        "ts": "1507652039.000489"
    },
    {
        "type": "message",
        "user": "U7H4REF47",
        "text": "Thank you ",
        "ts": "1507652067.000570"
    },
    {
        "type": "message",
        "user": "U7GUF8GPQ",
        "text": "I've already invited Masud, our local coordinator",
        "ts": "1507653668.000182",
        "reactions": [
            {
                "name": "+1",
                "users": [
                    "U7H4REF47"
                ],
                "count": 1
            }
        ]
    },
    {
        "type": "message",
        "user": "U7G0224R1",
        "text": "If you guys are ok with it, I would like us to use google for audio\/video calls (hangouts), calendar, docs and presentations",
        "ts": "1507654698.000135"
    },
    {
        "type": "message",
        "user": "U7G0224R1",
        "text": "That way we don't have to have 1001 account ",
        "ts": "1507654728.000323"
    },
    {
        "type": "message",
        "user": "U7G0224R1",
        "text": "And hangouts allows screen sharing so that's a plus :relaxed:",
        "ts": "1507654754.000776"
    },
    {
        "type": "message",
        "user": "U7G0224R1",
        "text": "If that's ok, pls send your gmails, or add them to slack profile",
        "ts": "1507654861.000242"
    },
    {
        "type": "message",
        "user": "U7GUF8GPQ",
        "text": "I agree with that, my experience with hangouts is pretty good ",
        "ts": "1507654989.000189"
    },
    {
        "type": "message",
        "user": "U7H4REF47",
        "text": "<mailto:laky55555@gmail.com|laky55555@gmail.com>",
        "ts": "1507655029.000204"
    },
    {
        "type": "message",
        "user": "U7GUF8GPQ",
        "text": "<mailto:suso1996suso@gmail.com|suso1996suso@gmail.com>",
        "ts": "1507655055.000756"
    },
    {
        "type": "message",
        "user": "U7GUF8GPQ",
        "text": "I didnt see the option to add it to my profile though",
        "ts": "1507655077.000304"
    },
    {
        "type": "message",
        "user": "U7G07658B",
        "text": "<mailto:sandiletic@gmail.com|sandiletic@gmail.com> ",
        "ts": "1507655135.000410"
    },
    {
        "type": "message",
        "user": "U7GUF8GPQ",
        "text": "Link to the hangouts group:\n\n<https:\/\/hangouts.google.com\/group\/rdc2eAyz3NeSBDO23>",
        "attachments": [
            {
                "title": "Google Hangouts",
                "title_link": "https:\/\/hangouts.google.com\/group\/rdc2eAyz3NeSBDO23",
                "text": "Click to join the conversation.",
                "fallback": "Google Hangouts",
                "thumb_url": "https:\/\/www.gstatic.com\/images\/icons\/material\/product\/2x\/hangouts_64dp.png",
                "from_url": "https:\/\/hangouts.google.com\/group\/rdc2eAyz3NeSBDO23",
                "thumb_width": 128,
                "thumb_height": 128,
                "service_icon": "https:\/\/hangouts.google.com\/favicon.ico",
                "service_name": "hangouts.google.com",
                "id": 1
            }
        ],
        "ts": "1507660126.000608"
    },
    {
        "type": "message",
        "user": "U7G0224R1",
        "text": "<@U7FCKAGMN> your gmail pls :slightly_smiling_face:",
        "ts": "1507661528.000416"
    },
    {
        "type": "message",
        "user": "U7FCKAGMN",
        "text": "<mailto:antonio.sostar56@gmail.com|antonio.sostar56@gmail.com>",
        "ts": "1507661548.000366"
    },
    {
        "user": "U7G5A88LB",
        "text": "<@U7G5A88LB> has joined the channel",
        "type": "message",
        "subtype": "channel_join",
        "ts": "1507661658.000522"
    },
    {
        "type": "message",
        "user": "U7G0224R1",
        "text": "will we use calendar video call or the group <@U7GUF8GPQ> created?",
        "ts": "1507662029.000181"
    },
    {
        "type": "message",
        "user": "U7G0224R1",
        "text": "since not all members are in either of those",
        "ts": "1507662060.000281"
    },
    {
        "type": "message",
        "user": "U7G5A88LB",
        "text": "haha I'm already behind everything",
        "ts": "1507662088.000480"
    },
    {
        "type": "message",
        "user": "U7G07658B",
        "text": "there is 4 members in jesuses hangout",
        "ts": "1507662131.000227"
    },
    {
        "type": "message",
        "user": "U7G07658B",
        "text": "lets do it there if you agree",
        "ts": "1507662137.000463"
    },
    {
        "type": "message",
        "user": "U7FCKAGMN",
        "text": "i'm ready",
        "ts": "1507662152.000394"
    },
    {
        "type": "message",
        "user": "U7H4REF47",
        "text": "hahahh good start :wink:",
        "ts": "1507662176.000307"
    },
    {
        "type": "message",
        "user": "U7G5A88LB",
        "text": "ok :slightly_smiling_face:",
        "ts": "1507662187.000519"
    },
    {
        "type": "message",
        "user": "U7G0224R1",
        "text": "<@U7H4REF47> where are you?",
        "ts": "1507662387.000192"
    },
    {
        "type": "message",
        "user": "U7H4REF47",
        "text": "i'm trying go join conversation",
        "ts": "1507662416.000597"
    },
    {
        "type": "message",
        "subtype": "file_share",
        "text": "<@U7H4REF47> uploaded a file: <https:\/\/dsdsnaslack.slack.com\/files\/U7H4REF47\/F7G5KNPFV\/2d288fa8-d7f3-4be7-87d2-7db473740901.jpeg|profile_pic>",
        "file": {
            "id": "F7G5KNPFV",
            "created": 1507662557,
            "timestamp": 1507662557,
            "name": "2d288fa8-d7f3-4be7-87d2-7db473740901.jpeg",
            "title": "profile_pic",
            "mimetype": "image\/jpeg",
            "filetype": "jpg",
            "pretty_type": "JPEG",
            "user": "U7H4REF47",
            "editable": false,
            "size": 54800,
            "mode": "hosted",
            "is_external": false,
            "external_type": "",
            "is_public": true,
            "public_url_shared": false,
            "display_as_bot": false,
            "username": "",
            "url_private": "https:\/\/files.slack.com\/files-pri\/T7FCGNJ5N-F7G5KNPFV\/2d288fa8-d7f3-4be7-87d2-7db473740901.jpeg?t=xoxe-253424766192-253762141313-253762141393-c93dd9bce5",
            "url_private_download": "https:\/\/files.slack.com\/files-pri\/T7FCGNJ5N-F7G5KNPFV\/download\/2d288fa8-d7f3-4be7-87d2-7db473740901.jpeg?t=xoxe-253424766192-253762141313-253762141393-c93dd9bce5",
            "thumb_64": "https:\/\/files.slack.com\/files-tmb\/T7FCGNJ5N-F7G5KNPFV-baf6020b7c\/2d288fa8-d7f3-4be7-87d2-7db473740901_64.jpg?t=xoxe-253424766192-253762141313-253762141393-c93dd9bce5",
            "thumb_80": "https:\/\/files.slack.com\/files-tmb\/T7FCGNJ5N-F7G5KNPFV-baf6020b7c\/2d288fa8-d7f3-4be7-87d2-7db473740901_80.jpg?t=xoxe-253424766192-253762141313-253762141393-c93dd9bce5",
            "thumb_360": "https:\/\/files.slack.com\/files-tmb\/T7FCGNJ5N-F7G5KNPFV-baf6020b7c\/2d288fa8-d7f3-4be7-87d2-7db473740901_360.jpg?t=xoxe-253424766192-253762141313-253762141393-c93dd9bce5",
            "thumb_360_w": 360,
            "thumb_360_h": 253,
            "thumb_480": "https:\/\/files.slack.com\/files-tmb\/T7FCGNJ5N-F7G5KNPFV-baf6020b7c\/2d288fa8-d7f3-4be7-87d2-7db473740901_480.jpg?t=xoxe-253424766192-253762141313-253762141393-c93dd9bce5",
            "thumb_480_w": 480,
            "thumb_480_h": 337,
            "thumb_160": "https:\/\/files.slack.com\/files-tmb\/T7FCGNJ5N-F7G5KNPFV-baf6020b7c\/2d288fa8-d7f3-4be7-87d2-7db473740901_160.jpg?t=xoxe-253424766192-253762141313-253762141393-c93dd9bce5",
            "image_exif_rotation": 1,
            "original_w": 717,
            "original_h": 503,
            "permalink": "https:\/\/dsdsnaslack.slack.com\/files\/U7H4REF47\/F7G5KNPFV\/2d288fa8-d7f3-4be7-87d2-7db473740901.jpeg",
            "permalink_public": "https:\/\/slack-files.com\/T7FCGNJ5N-F7G5KNPFV-0d405725b9",
            "channels": [],
            "groups": [],
            "ims": [],
            "comments_count": 0
        },
        "user": "U7H4REF47",
        "upload": true,
        "display_as_bot": false,
        "username": "lakovic.ivan",
        "bot_id": null,
        "ts": "1507662559.000233"
    }
]