[
    {
        "id": "C7HB3G2S3",
        "name": "daily_stand_up",
        "created": "1507665215",
        "creator": "U7H4REF47",
        "is_archived": false,
        "is_general": false,
        "members": [
            "U7FCKAGMN",
            "U7G0224R1",
            "U7G07658B",
            "U7G5A88LB",
            "U7GUF8GPQ",
            "U7H4REF47"
        ],
        "topic": {
            "value": "",
            "creator": "",
            "last_set": "0"
        },
        "purpose": {
            "value": "",
            "creator": "",
            "last_set": "0"
        }
    },
    {
        "id": "C7GU87QEA",
        "name": "general",
        "created": "1507645561",
        "creator": "U7H4REF47",
        "is_archived": false,
        "is_general": true,
        "members": [
            "U7FCKAGMN",
            "U7G0224R1",
            "U7G07658B",
            "U7G5A88LB",
            "U7GETCHU2",
            "U7GUF8GPQ",
            "U7H4REF47",
            "U7JAPD6HF"
        ],
        "topic": {
            "value": "Company-wide announcements and work-based matters",
            "creator": "U7H4REF47",
            "last_set": "1507645561"
        },
        "purpose": {
            "value": "This channel is for workspace-wide communication and announcements. All members are in this channel.",
            "creator": "U7H4REF47",
            "last_set": "1507645561"
        }
    },
    {
        "id": "C7H4YH8KY",
        "name": "meetings",
        "created": "1507664429",
        "creator": "U7H4REF47",
        "is_archived": false,
        "is_general": false,
        "members": [
            "U7FCKAGMN",
            "U7G0224R1",
            "U7G07658B",
            "U7G5A88LB",
            "U7GUF8GPQ",
            "U7H4REF47"
        ],
        "topic": {
            "value": "",
            "creator": "",
            "last_set": "0"
        },
        "purpose": {
            "value": "",
            "creator": "",
            "last_set": "0"
        }
    },
    {
        "id": "C7K68DT0V",
        "name": "questions",
        "created": "1508177223",
        "creator": "U7H4REF47",
        "is_archived": false,
        "is_general": false,
        "members": [
            "U7FCKAGMN",
            "U7G0224R1",
            "U7G07658B",
            "U7G5A88LB",
            "U7GETCHU2",
            "U7GUF8GPQ",
            "U7H4REF47",
            "U7JAPD6HF"
        ],
        "topic": {
            "value": "",
            "creator": "",
            "last_set": "0"
        },
        "purpose": {
            "value": "Channel for archiving all questions for score client",
            "creator": "U7H4REF47",
            "last_set": "1508177223"
        }
    },
    {
        "id": "C7FCGNRJL",
        "name": "random",
        "created": "1507645561",
        "creator": "U7H4REF47",
        "is_archived": false,
        "is_general": false,
        "members": [
            "U7FCKAGMN",
            "U7G0224R1",
            "U7G07658B",
            "U7G5A88LB",
            "U7GETCHU2",
            "U7GUF8GPQ",
            "U7H4REF47",
            "U7JAPD6HF"
        ],
        "topic": {
            "value": "Non-work banter and water cooler conversation",
            "creator": "U7H4REF47",
            "last_set": "1507645561"
        },
        "purpose": {
            "value": "A place for non-work-related flimflam, faffing, hodge-podge or jibber-jabber you'd prefer to keep out of more focused work-related channels.",
            "creator": "U7H4REF47",
            "last_set": "1507645561"
        }
    },
    {
        "id": "C7GAS62CC",
        "name": "tasks",
        "created": "1507667257",
        "creator": "U7H4REF47",
        "is_archived": false,
        "is_general": false,
        "members": [
            "U7H4REF47"
        ],
        "topic": {
            "value": "",
            "creator": "",
            "last_set": "0"
        },
        "purpose": {
            "value": "",
            "creator": "",
            "last_set": "0"
        }
    }
]