[
    {
        "user_id": "U7H4REF47",
        "user_name": "lakovic.ivan",
        "date": "1507673078",
        "change_type": "updated",
        "service_id": "254451175765",
        "service_type": "Asana",
        "scope": "incoming-webhook,commands",
        "channel": "C7GAS62CC"
    },
    {
        "user_id": "U7H4REF47",
        "user_name": "lakovic.ivan",
        "date": "1507671688",
        "change_type": "updated",
        "service_id": "254451175765",
        "service_type": "Asana",
        "scope": "incoming-webhook,commands",
        "channel": "C7GAS62CC"
    },
    {
        "user_id": "U7H4REF47",
        "user_name": "lakovic.ivan",
        "date": "1507668889",
        "change_type": "updated",
        "service_id": "254451175765",
        "service_type": "Asana",
        "scope": "incoming-webhook,commands",
        "channel": "C7GAS62CC"
    },
    {
        "user_id": "U7H4REF47",
        "user_name": "lakovic.ivan",
        "date": "1507667327",
        "change_type": "added",
        "service_id": "254451175765",
        "service_type": "Asana",
        "scope": "incoming-webhook,commands",
        "channel": "C7GAS62CC"
    },
    {
        "user_id": "U7G0224R1",
        "user_name": "marin.marjanovic.zg",
        "date": "1507648723",
        "change_type": "added",
        "service_id": "253595929809",
        "service_type": "Bots",
        "scope": "bot"
    },
    {
        "user_id": 0,
        "user_name": "slack",
        "date": "1507645561",
        "change_type": "added",
        "service_id": "255161501447",
        "service_type": "Google Drive",
        "scope": "files:write:user"
    }
]