[
    {
        "id": "C7GU87QEA",
        "name": "general",
        "created": "1507645561",
        "creator": "U7H4REF47",
        "is_archived": false,
        "is_general": true,
        "members": [
            "U7FCKAGMN",
            "U7G0224R1",
            "U7G07658B",
            "U7G5A88LB",
            "U7GUF8GPQ",
            "U7H4REF47"
        ],
        "topic": {
            "value": "Company-wide announcements and work-based matters",
            "creator": "U7H4REF47",
            "last_set": "1507645561"
        },
        "purpose": {
            "value": "This channel is for workspace-wide communication and announcements. All members are in this channel.",
            "creator": "U7H4REF47",
            "last_set": "1507645561"
        }
    },
    {
        "id": "C7FCGNRJL",
        "name": "random",
        "created": "1507645561",
        "creator": "U7H4REF47",
        "is_archived": false,
        "is_general": false,
        "members": [
            "U7FCKAGMN",
            "U7G0224R1",
            "U7G07658B",
            "U7G5A88LB",
            "U7GUF8GPQ",
            "U7H4REF47"
        ],
        "topic": {
            "value": "Non-work banter and water cooler conversation",
            "creator": "U7H4REF47",
            "last_set": "1507645561"
        },
        "purpose": {
            "value": "A place for non-work-related flimflam, faffing, hodge-podge or jibber-jabber you'd prefer to keep out of more focused work-related channels.",
            "creator": "U7H4REF47",
            "last_set": "1507645561"
        }
    }
]