[
    {
        "id": "U7FCKAGMN",
        "team_id": "T7FCGNJ5N",
        "name": "antonio.sostar56",
        "deleted": false,
        "color": "e7392d",
        "real_name": "Antonio \u0160o\u0161tar",
        "tz": "Europe\/Amsterdam",
        "tz_label": "Central European Summer Time",
        "tz_offset": 7200,
        "profile": {
            "real_name": "Antonio \u0160o\u0161tar",
            "display_name": "Antonio",
            "avatar_hash": "geafe14955d4",
            "title": "",
            "real_name_normalized": "Antonio Sostar",
            "display_name_normalized": "Antonio",
            "image_24": "https:\/\/secure.gravatar.com\/avatar\/eafe14955d40d235b2371d997373373b.jpg?s=24&d=https%3A%2F%2Fa.slack-edge.com%2F66f9%2Fimg%2Favatars%2Fava_0012-24.png",
            "image_32": "https:\/\/secure.gravatar.com\/avatar\/eafe14955d40d235b2371d997373373b.jpg?s=32&d=https%3A%2F%2Fa.slack-edge.com%2F66f9%2Fimg%2Favatars%2Fava_0012-32.png",
            "image_48": "https:\/\/secure.gravatar.com\/avatar\/eafe14955d40d235b2371d997373373b.jpg?s=48&d=https%3A%2F%2Fa.slack-edge.com%2F66f9%2Fimg%2Favatars%2Fava_0012-48.png",
            "image_72": "https:\/\/secure.gravatar.com\/avatar\/eafe14955d40d235b2371d997373373b.jpg?s=72&d=https%3A%2F%2Fa.slack-edge.com%2F66f9%2Fimg%2Favatars%2Fava_0012-72.png",
            "image_192": "https:\/\/secure.gravatar.com\/avatar\/eafe14955d40d235b2371d997373373b.jpg?s=192&d=https%3A%2F%2Fa.slack-edge.com%2F7fa9%2Fimg%2Favatars%2Fava_0012-192.png",
            "image_512": "https:\/\/secure.gravatar.com\/avatar\/eafe14955d40d235b2371d997373373b.jpg?s=512&d=https%3A%2F%2Fa.slack-edge.com%2F7fa9%2Fimg%2Favatars%2Fava_0012-512.png",
            "fields": null,
            "team": "T7FCGNJ5N"
        },
        "is_admin": true,
        "is_owner": false,
        "is_primary_owner": false,
        "is_restricted": false,
        "is_ultra_restricted": false,
        "is_bot": false,
        "updated": 1507663873,
        "is_app_user": false
    },
    {
        "id": "U7FDLMP6U",
        "team_id": "T7FCGNJ5N",
        "name": "exporter",
        "deleted": false,
        "color": "e96699",
        "real_name": "exporter",
        "tz": null,
        "tz_label": "Pacific Daylight Time",
        "tz_offset": -25200,
        "profile": {
            "bot_id": "B7FHHTBPT",
            "api_app_id": "",
            "always_active": false,
            "real_name": "exporter",
            "display_name": "",
            "avatar_hash": "c009b4449d3a",
            "image_24": "https:\/\/avatars.slack-edge.com\/2017-10-10\/254252354789_c009b4449d3a8c53405f_24.png",
            "image_32": "https:\/\/avatars.slack-edge.com\/2017-10-10\/254252354789_c009b4449d3a8c53405f_32.png",
            "image_48": "https:\/\/avatars.slack-edge.com\/2017-10-10\/254252354789_c009b4449d3a8c53405f_48.png",
            "image_72": "https:\/\/avatars.slack-edge.com\/2017-10-10\/254252354789_c009b4449d3a8c53405f_72.png",
            "image_192": "https:\/\/avatars.slack-edge.com\/2017-10-10\/254252354789_c009b4449d3a8c53405f_192.png",
            "image_512": "https:\/\/avatars.slack-edge.com\/2017-10-10\/254252354789_c009b4449d3a8c53405f_512.png",
            "image_1024": "https:\/\/avatars.slack-edge.com\/2017-10-10\/254252354789_c009b4449d3a8c53405f_1024.png",
            "image_original": "https:\/\/avatars.slack-edge.com\/2017-10-10\/254252354789_c009b4449d3a8c53405f_original.png",
            "real_name_normalized": "exporter",
            "display_name_normalized": "",
            "fields": null,
            "team": "T7FCGNJ5N"
        },
        "is_admin": false,
        "is_owner": false,
        "is_primary_owner": false,
        "is_restricted": false,
        "is_ultra_restricted": false,
        "is_bot": true,
        "updated": 1507648729,
        "is_app_user": false
    },
    {
        "id": "U7G5A88LB",
        "team_id": "T7FCGNJ5N",
        "name": "jasna.jankovic1",
        "deleted": false,
        "color": "e0a729",
        "real_name": "Jasna Jankovi\u0107",
        "tz": "Europe\/Amsterdam",
        "tz_label": "Central European Summer Time",
        "tz_offset": 7200,
        "profile": {
            "real_name": "Jasna Jankovi\u0107",
            "display_name": "Jasna",
            "avatar_hash": "g20975f5a1b3",
            "title": "",
            "real_name_normalized": "Jasna Jankovic",
            "display_name_normalized": "Jasna",
            "image_24": "https:\/\/secure.gravatar.com\/avatar\/20975f5a1b3ba11afa26eb5433e8c425.jpg?s=24&d=https%3A%2F%2Fa.slack-edge.com%2F66f9%2Fimg%2Favatars%2Fava_0026-24.png",
            "image_32": "https:\/\/secure.gravatar.com\/avatar\/20975f5a1b3ba11afa26eb5433e8c425.jpg?s=32&d=https%3A%2F%2Fa.slack-edge.com%2F0180%2Fimg%2Favatars%2Fava_0026-32.png",
            "image_48": "https:\/\/secure.gravatar.com\/avatar\/20975f5a1b3ba11afa26eb5433e8c425.jpg?s=48&d=https%3A%2F%2Fa.slack-edge.com%2F272a%2Fimg%2Favatars%2Fava_0026-48.png",
            "image_72": "https:\/\/secure.gravatar.com\/avatar\/20975f5a1b3ba11afa26eb5433e8c425.jpg?s=72&d=https%3A%2F%2Fa.slack-edge.com%2F66f9%2Fimg%2Favatars%2Fava_0026-72.png",
            "image_192": "https:\/\/secure.gravatar.com\/avatar\/20975f5a1b3ba11afa26eb5433e8c425.jpg?s=192&d=https%3A%2F%2Fa.slack-edge.com%2F7fa9%2Fimg%2Favatars%2Fava_0026-192.png",
            "image_512": "https:\/\/secure.gravatar.com\/avatar\/20975f5a1b3ba11afa26eb5433e8c425.jpg?s=512&d=https%3A%2F%2Fa.slack-edge.com%2F7fa9%2Fimg%2Favatars%2Fava_0026-512.png",
            "fields": null,
            "team": "T7FCGNJ5N"
        },
        "is_admin": true,
        "is_owner": false,
        "is_primary_owner": false,
        "is_restricted": false,
        "is_ultra_restricted": false,
        "is_bot": false,
        "updated": 1507663877,
        "is_app_user": false
    },
    {
        "id": "U7GUF8GPQ",
        "team_id": "T7FCGNJ5N",
        "name": "jaz17001",
        "deleted": false,
        "color": "3c989f",
        "real_name": "Jes\u00fas Miguel \u00c1lvarez Dom\u00ednguez",
        "tz": "Europe\/Amsterdam",
        "tz_label": "Central European Summer Time",
        "tz_offset": 7200,
        "profile": {
            "real_name": "Jes\u00fas Miguel \u00c1lvarez Dom\u00ednguez",
            "display_name": "Jes\u00fas",
            "avatar_hash": "008f73f93a9e",
            "title": "",
            "image_24": "https:\/\/avatars.slack-edge.com\/2017-10-10\/254139442450_008f73f93a9eca4b5eff_24.png",
            "image_32": "https:\/\/avatars.slack-edge.com\/2017-10-10\/254139442450_008f73f93a9eca4b5eff_32.png",
            "image_48": "https:\/\/avatars.slack-edge.com\/2017-10-10\/254139442450_008f73f93a9eca4b5eff_48.png",
            "image_72": "https:\/\/avatars.slack-edge.com\/2017-10-10\/254139442450_008f73f93a9eca4b5eff_72.png",
            "image_192": "https:\/\/avatars.slack-edge.com\/2017-10-10\/254139442450_008f73f93a9eca4b5eff_192.png",
            "image_512": "https:\/\/avatars.slack-edge.com\/2017-10-10\/254139442450_008f73f93a9eca4b5eff_512.png",
            "image_1024": "https:\/\/avatars.slack-edge.com\/2017-10-10\/254139442450_008f73f93a9eca4b5eff_1024.png",
            "image_original": "https:\/\/avatars.slack-edge.com\/2017-10-10\/254139442450_008f73f93a9eca4b5eff_original.png",
            "first_name": "Jes\u00fas",
            "last_name": "Miguel \u00c1lvarez Dom\u00ednguez",
            "real_name_normalized": "Jesus Miguel Alvarez Dominguez",
            "display_name_normalized": "Jesus",
            "fields": null,
            "team": "T7FCGNJ5N"
        },
        "is_admin": true,
        "is_owner": false,
        "is_primary_owner": false,
        "is_restricted": false,
        "is_ultra_restricted": false,
        "is_bot": false,
        "updated": 1507663880,
        "is_app_user": false
    },
    {
        "id": "U7H4REF47",
        "team_id": "T7FCGNJ5N",
        "name": "lakovic.ivan",
        "deleted": false,
        "color": "9f69e7",
        "real_name": "Ivan Lakovic ",
        "tz": "Europe\/Amsterdam",
        "tz_label": "Central European Summer Time",
        "tz_offset": 7200,
        "profile": {
            "real_name": "Ivan Lakovic ",
            "display_name": "",
            "avatar_hash": "g438f87e9e8a",
            "real_name_normalized": "Ivan Lakovic ",
            "display_name_normalized": "",
            "image_24": "https:\/\/secure.gravatar.com\/avatar\/438f87e9e8aac201ce52ecc3da0d7c50.jpg?s=24&d=https%3A%2F%2Fa.slack-edge.com%2F66f9%2Fimg%2Favatars%2Fava_0013-24.png",
            "image_32": "https:\/\/secure.gravatar.com\/avatar\/438f87e9e8aac201ce52ecc3da0d7c50.jpg?s=32&d=https%3A%2F%2Fa.slack-edge.com%2F0180%2Fimg%2Favatars%2Fava_0013-32.png",
            "image_48": "https:\/\/secure.gravatar.com\/avatar\/438f87e9e8aac201ce52ecc3da0d7c50.jpg?s=48&d=https%3A%2F%2Fa.slack-edge.com%2F66f9%2Fimg%2Favatars%2Fava_0013-48.png",
            "image_72": "https:\/\/secure.gravatar.com\/avatar\/438f87e9e8aac201ce52ecc3da0d7c50.jpg?s=72&d=https%3A%2F%2Fa.slack-edge.com%2F66f9%2Fimg%2Favatars%2Fava_0013-72.png",
            "image_192": "https:\/\/secure.gravatar.com\/avatar\/438f87e9e8aac201ce52ecc3da0d7c50.jpg?s=192&d=https%3A%2F%2Fa.slack-edge.com%2F7fa9%2Fimg%2Favatars%2Fava_0013-192.png",
            "image_512": "https:\/\/secure.gravatar.com\/avatar\/438f87e9e8aac201ce52ecc3da0d7c50.jpg?s=512&d=https%3A%2F%2Fa.slack-edge.com%2F7fa9%2Fimg%2Favatars%2Fava_0013-512.png",
            "fields": null,
            "team": "T7FCGNJ5N"
        },
        "is_admin": true,
        "is_owner": true,
        "is_primary_owner": true,
        "is_restricted": false,
        "is_ultra_restricted": false,
        "is_bot": false,
        "updated": 1507645561,
        "is_app_user": false
    },
    {
        "id": "U7G0224R1",
        "team_id": "T7FCGNJ5N",
        "name": "marin.marjanovic.zg",
        "deleted": false,
        "color": "4bbe2e",
        "real_name": "Marin Marjanovi\u0107",
        "tz": null,
        "tz_label": "Pacific Daylight Time",
        "tz_offset": -25200,
        "profile": {
            "real_name": "Marin Marjanovi\u0107",
            "display_name": "",
            "avatar_hash": "gd69ad0883ea",
            "title": "",
            "real_name_normalized": "Marin Marjanovic",
            "display_name_normalized": "",
            "image_24": "https:\/\/secure.gravatar.com\/avatar\/d69ad0883ea2da53f30474c2195ce758.jpg?s=24&d=https%3A%2F%2Fa.slack-edge.com%2F66f9%2Fimg%2Favatars%2Fava_0005-24.png",
            "image_32": "https:\/\/secure.gravatar.com\/avatar\/d69ad0883ea2da53f30474c2195ce758.jpg?s=32&d=https%3A%2F%2Fa.slack-edge.com%2F66f9%2Fimg%2Favatars%2Fava_0005-32.png",
            "image_48": "https:\/\/secure.gravatar.com\/avatar\/d69ad0883ea2da53f30474c2195ce758.jpg?s=48&d=https%3A%2F%2Fa.slack-edge.com%2F66f9%2Fimg%2Favatars%2Fava_0005-48.png",
            "image_72": "https:\/\/secure.gravatar.com\/avatar\/d69ad0883ea2da53f30474c2195ce758.jpg?s=72&d=https%3A%2F%2Fa.slack-edge.com%2F66f9%2Fimg%2Favatars%2Fava_0005-72.png",
            "image_192": "https:\/\/secure.gravatar.com\/avatar\/d69ad0883ea2da53f30474c2195ce758.jpg?s=192&d=https%3A%2F%2Fa.slack-edge.com%2F7fa9%2Fimg%2Favatars%2Fava_0005-192.png",
            "image_512": "https:\/\/secure.gravatar.com\/avatar\/d69ad0883ea2da53f30474c2195ce758.jpg?s=512&d=https%3A%2F%2Fa.slack-edge.com%2F7fa9%2Fimg%2Favatars%2Fava_0005-512.png",
            "fields": null,
            "team": "T7FCGNJ5N"
        },
        "is_admin": true,
        "is_owner": false,
        "is_primary_owner": false,
        "is_restricted": false,
        "is_ultra_restricted": false,
        "is_bot": false,
        "updated": 1507663886,
        "is_app_user": false
    },
    {
        "id": "U7G07658B",
        "team_id": "T7FCGNJ5N",
        "name": "slc17001",
        "deleted": false,
        "color": "674b1b",
        "real_name": "Sandi Leti\u0107",
        "tz": "Europe\/Amsterdam",
        "tz_label": "Central European Summer Time",
        "tz_offset": 7200,
        "profile": {
            "real_name": "Sandi Leti\u0107",
            "display_name": "Sandi",
            "avatar_hash": "g15e2c588567",
            "title": "",
            "first_name": "Sandi",
            "last_name": "Leti\u0107",
            "phone": "+385955995368",
            "fields": {
                "Xf7GU87U2J": {
                    "value": "sandi.letic",
                    "alt": ""
                }
            },
            "skype": "sandi.letic",
            "real_name_normalized": "Sandi Letic",
            "display_name_normalized": "Sandi",
            "image_24": "https:\/\/secure.gravatar.com\/avatar\/15e2c588567765ebe748295ad9aad422.jpg?s=24&d=https%3A%2F%2Fa.slack-edge.com%2F66f9%2Fimg%2Favatars%2Fava_0006-24.png",
            "image_32": "https:\/\/secure.gravatar.com\/avatar\/15e2c588567765ebe748295ad9aad422.jpg?s=32&d=https%3A%2F%2Fa.slack-edge.com%2F66f9%2Fimg%2Favatars%2Fava_0006-32.png",
            "image_48": "https:\/\/secure.gravatar.com\/avatar\/15e2c588567765ebe748295ad9aad422.jpg?s=48&d=https%3A%2F%2Fa.slack-edge.com%2F66f9%2Fimg%2Favatars%2Fava_0006-48.png",
            "image_72": "https:\/\/secure.gravatar.com\/avatar\/15e2c588567765ebe748295ad9aad422.jpg?s=72&d=https%3A%2F%2Fa.slack-edge.com%2F66f9%2Fimg%2Favatars%2Fava_0006-72.png",
            "image_192": "https:\/\/secure.gravatar.com\/avatar\/15e2c588567765ebe748295ad9aad422.jpg?s=192&d=https%3A%2F%2Fa.slack-edge.com%2F7fa9%2Fimg%2Favatars%2Fava_0006-192.png",
            "image_512": "https:\/\/secure.gravatar.com\/avatar\/15e2c588567765ebe748295ad9aad422.jpg?s=512&d=https%3A%2F%2Fa.slack-edge.com%2F7fa9%2Fimg%2Favatars%2Fava_0006-512.png",
            "team": "T7FCGNJ5N"
        },
        "is_admin": true,
        "is_owner": false,
        "is_primary_owner": false,
        "is_restricted": false,
        "is_ultra_restricted": false,
        "is_bot": false,
        "updated": 1507663883,
        "is_app_user": false
    }
]