[
    {
        "type": "message",
        "user": "U7G5A88LB",
        "text": "seems ok to me :slightly_smiling_face:",
        "ts": "1508153137.000260"
    },
    {
        "type": "message",
        "user": "U7G0224R1",
        "text": "<!everyone> I imported calendar that they published on dsd main page into our google cal so we have all the deadlines there",
        "ts": "1508155258.000265"
    },
    {
        "type": "message",
        "user": "U7G07658B",
        "text": "awesome <@U7G0224R1>, thanks :grinning: ",
        "ts": "1508155443.000268"
    },
    {
        "type": "message",
        "user": "U7G0224R1",
        "text": "Also, all templates are in Templates folder on google drive. They are in MS format (doc and ppt), so when you want to create a document from them just double click on one and google will automatically create google doc or google slides and put them in the same folder (Templates), and after that, document in the google format can be moved to designated folder.",
        "ts": "1508155968.000217"
    },
    {
        "type": "message",
        "user": "U7G0224R1",
        "text": "*presentation for tomorrow is already in Presentation folder",
        "ts": "1508155991.000021"
    },
    {
        "user": "U7JAPD6HF",
        "text": "<@U7JAPD6HF> has joined the channel",
        "type": "message",
        "subtype": "channel_join",
        "ts": "1508159533.000049"
    },
    {
        "type": "message",
        "user": "U7G5A88LB",
        "text": "High-level requirements:\n\t- A web application\n\t- Analyze and visualize social network\n\t\t○ Based on Slack conversations",
        "ts": "1508165746.000712"
    },
    {
        "type": "message",
        "user": "U7G5A88LB",
        "text": "which communication exchange is considered for edges\n\t- a mention-based network: \n\tedges are direct and represent mentions \n\tWeight represents the number of mentions\n\t- a subscription-based network\n\tedges are drawn between all the team members who subscribe to the same Slack public channel\n\tWeight represents the number of common subscribed channels\n\t\nFilters\n\t- thresholds for edge weights\n\t- SNA measures\n\t\nthe most common metrics for social network analysis (SNA)\n\t- including metrics to assess the overall structure of the network (e.g., measures for density, path length, and overall connectedness), centrality metrics (e.g., degree for undirected graphs and indegree\/outdegree for directed graphs) and metrics the assess the level of clustering within a network (e.g., clustering coefficient)",
        "ts": "1508165764.000528"
    },
    {
        "type": "message",
        "user": "U7GUF8GPQ",
        "text": "We can work on that, good one guys",
        "ts": "1508169855.000667"
    },
    {
        "type": "message",
        "user": "U7H4REF47",
        "text": "Nice. Will you transfer those requirements into backlog on asana?",
        "ts": "1508171043.000128"
    },
    {
        "type": "message",
        "user": "U7H4REF47",
        "text": "I'll join you for presentation in 5 min just to finish eating ",
        "ts": "1508173309.000474"
    },
    {
        "type": "message",
        "user": "U7H4REF47",
        "text": "anyone working?",
        "ts": "1508174385.000365"
    },
    {
        "type": "message",
        "user": "U7G0224R1",
        "text": "I should be home in 20 mins",
        "ts": "1508174432.000547"
    },
    {
        "type": "message",
        "user": "U7FCKAGMN",
        "text": "i have some trouble with internet connection",
        "ts": "1508174492.000217"
    },
    {
        "type": "message",
        "user": "U7FCKAGMN",
        "text": "everything works now",
        "ts": "1508174816.000420"
    },
    {
        "type": "message",
        "user": "U7G5A88LB",
        "text": "yes. i'll transfer them",
        "ts": "1508174888.000348"
    },
    {
        "type": "message",
        "subtype": "file_share",
        "text": "<@U7H4REF47> uploaded a file: <https:\/\/dsdsnaslack.slack.com\/files\/U7H4REF47\/F7K29PM42\/pasted_image_at_2017_09_23_04_41_pm.png|graph_example>",
        "file": {
            "id": "F7K29PM42",
            "created": 1508177703,
            "timestamp": 1508177703,
            "name": "Pasted image at 2017_09_23 04_41 PM.png",
            "title": "graph_example",
            "mimetype": "image\/png",
            "filetype": "png",
            "pretty_type": "PNG",
            "user": "U7H4REF47",
            "editable": false,
            "size": 118523,
            "mode": "hosted",
            "is_external": false,
            "external_type": "",
            "is_public": true,
            "public_url_shared": false,
            "display_as_bot": false,
            "username": "",
            "url_private": "https:\/\/files.slack.com\/files-pri\/T7FCGNJ5N-F7K29PM42\/pasted_image_at_2017_09_23_04_41_pm.png?t=xoxe-253424766192-256429102032-256429102144-515642c489",
            "url_private_download": "https:\/\/files.slack.com\/files-pri\/T7FCGNJ5N-F7K29PM42\/download\/pasted_image_at_2017_09_23_04_41_pm.png?t=xoxe-253424766192-256429102032-256429102144-515642c489",
            "thumb_64": "https:\/\/files.slack.com\/files-tmb\/T7FCGNJ5N-F7K29PM42-f06552dcbc\/pasted_image_at_2017_09_23_04_41_pm_64.png?t=xoxe-253424766192-256429102032-256429102144-515642c489",
            "thumb_80": "https:\/\/files.slack.com\/files-tmb\/T7FCGNJ5N-F7K29PM42-f06552dcbc\/pasted_image_at_2017_09_23_04_41_pm_80.png?t=xoxe-253424766192-256429102032-256429102144-515642c489",
            "thumb_360": "https:\/\/files.slack.com\/files-tmb\/T7FCGNJ5N-F7K29PM42-f06552dcbc\/pasted_image_at_2017_09_23_04_41_pm_360.png?t=xoxe-253424766192-256429102032-256429102144-515642c489",
            "thumb_360_w": 360,
            "thumb_360_h": 284,
            "thumb_480": "https:\/\/files.slack.com\/files-tmb\/T7FCGNJ5N-F7K29PM42-f06552dcbc\/pasted_image_at_2017_09_23_04_41_pm_480.png?t=xoxe-253424766192-256429102032-256429102144-515642c489",
            "thumb_480_w": 480,
            "thumb_480_h": 379,
            "thumb_160": "https:\/\/files.slack.com\/files-tmb\/T7FCGNJ5N-F7K29PM42-f06552dcbc\/pasted_image_at_2017_09_23_04_41_pm_160.png?t=xoxe-253424766192-256429102032-256429102144-515642c489",
            "thumb_720": "https:\/\/files.slack.com\/files-tmb\/T7FCGNJ5N-F7K29PM42-f06552dcbc\/pasted_image_at_2017_09_23_04_41_pm_720.png?t=xoxe-253424766192-256429102032-256429102144-515642c489",
            "thumb_720_w": 720,
            "thumb_720_h": 569,
            "thumb_800": "https:\/\/files.slack.com\/files-tmb\/T7FCGNJ5N-F7K29PM42-f06552dcbc\/pasted_image_at_2017_09_23_04_41_pm_800.png?t=xoxe-253424766192-256429102032-256429102144-515642c489",
            "thumb_800_w": 800,
            "thumb_800_h": 632,
            "image_exif_rotation": 1,
            "original_w": 942,
            "original_h": 744,
            "permalink": "https:\/\/dsdsnaslack.slack.com\/files\/U7H4REF47\/F7K29PM42\/pasted_image_at_2017_09_23_04_41_pm.png",
            "permalink_public": "https:\/\/slack-files.com\/T7FCGNJ5N-F7K29PM42-361305259c",
            "channels": [],
            "groups": [],
            "ims": [],
            "comments_count": 0
        },
        "user": "U7H4REF47",
        "upload": true,
        "display_as_bot": false,
        "username": "lakovic.ivan",
        "bot_id": null,
        "ts": "1508177706.000085"
    },
    {
        "type": "message",
        "user": "U7G0224R1",
        "text": "saf",
        "ts": "1508177800.000020"
    }
]