[
    {
        "type": "message",
        "user": "U7GUF8GPQ",
        "text": "I'll check the pdf with the documentation guidelines and will do the meeting report for the conversation we had on tuesday",
        "ts": "1507796606.000294"
    },
    {
        "type": "message",
        "user": "U7FCKAGMN",
        "text": "I created public repository on github",
        "ts": "1507811725.000196"
    },
    {
        "type": "message",
        "user": "U7FCKAGMN",
        "text": "Here is link <https:\/\/github.com\/tonac\/dsdsna4slack>",
        "attachments": [
            {
                "service_name": "GitHub",
                "title": "tonac\/dsdsna4slack",
                "title_link": "https:\/\/github.com\/tonac\/dsdsna4slack",
                "text": "dsdsna4slack - SNA4slack project created for distributed software development course",
                "fallback": "GitHub: tonac\/dsdsna4slack",
                "from_url": "https:\/\/github.com\/tonac\/dsdsna4slack",
                "thumb_url": "https:\/\/avatars2.githubusercontent.com\/u\/12458404?v=4&s=400",
                "thumb_width": 250,
                "thumb_height": 250,
                "service_icon": "https:\/\/a.slack-edge.com\/bfaba\/img\/unfurl_icons\/github.png",
                "id": 1
            }
        ],
        "ts": "1507811731.000213",
        "reactions": [
            {
                "name": "+1",
                "users": [
                    "U7G5A88LB"
                ],
                "count": 1
            }
        ]
    }
]