[
    {
        "type": "message",
        "user": "U7G5A88LB",
        "text": "i'll go through all the presentations\/documents\/etc. to check if we missed something yesterday",
        "ts": "1507729550.000499"
    },
    {
        "type": "message",
        "user": "U7G5A88LB",
        "text": "also, i will make some basic requirements document for us and the sponsor",
        "ts": "1507729596.000130"
    },
    {
        "type": "message",
        "user": "U7G5A88LB",
        "text": "haha you can assign it to yourselves if you remember of something else <@U7G07658B> <@U7G0224R1>",
        "ts": "1507729726.000085"
    }
]