[
    {
        "user": "U7H4REF47",
        "text": "<@U7H4REF47> has joined the channel",
        "type": "message",
        "subtype": "channel_join",
        "ts": "1507665215.000491"
    },
    {
        "user": "U7FCKAGMN",
        "inviter": "U7H4REF47",
        "text": "<@U7FCKAGMN> has joined the channel",
        "type": "message",
        "subtype": "channel_join",
        "ts": "1507665216.000431"
    },
    {
        "user": "U7G5A88LB",
        "inviter": "U7H4REF47",
        "text": "<@U7G5A88LB> has joined the channel",
        "type": "message",
        "subtype": "channel_join",
        "ts": "1507665216.000480"
    },
    {
        "user": "U7G07658B",
        "inviter": "U7H4REF47",
        "text": "<@U7G07658B> has joined the channel",
        "type": "message",
        "subtype": "channel_join",
        "ts": "1507665216.000536"
    },
    {
        "user": "U7G0224R1",
        "inviter": "U7H4REF47",
        "text": "<@U7G0224R1> has joined the channel",
        "type": "message",
        "subtype": "channel_join",
        "ts": "1507665216.000580"
    },
    {
        "user": "U7GUF8GPQ",
        "inviter": "U7H4REF47",
        "text": "<@U7GUF8GPQ> has joined the channel",
        "type": "message",
        "subtype": "channel_join",
        "ts": "1507665216.000628"
    },
    {
        "user": "U7H4REF47",
        "old_name": "daily_standup",
        "name": "daily_stand_up",
        "text": "<@U7H4REF47> has renamed the channel from \"daily_standup\" to \"daily_stand_up\"",
        "type": "message",
        "subtype": "channel_name",
        "ts": "1507665260.000597"
    },
    {
        "type": "message",
        "user": "U7H4REF47",
        "text": "I think every Monday, Wednesday and Friday we should write what we have done (or not done :wink: )",
        "ts": "1507665561.000261"
    },
    {
        "type": "message",
        "user": "U7G07658B",
        "text": "ok. we could also have a 'common hour' during those days",
        "ts": "1507665598.000181"
    },
    {
        "type": "message",
        "user": "U7G07658B",
        "text": "or at least one slot",
        "ts": "1507665611.000464"
    },
    {
        "type": "message",
        "user": "U7H4REF47",
        "text": "yes, good idea",
        "ts": "1507665623.000179"
    },
    {
        "type": "message",
        "user": "U7G07658B",
        "text": "my current task: look into scrum master role further and report to the group",
        "ts": "1507670052.000227"
    },
    {
        "type": "message",
        "user": "U7H4REF47",
        "text": "i will check the best way to organize asana",
        "ts": "1507670171.000146"
    },
    {
        "type": "message",
        "user": "U7G0224R1",
        "text": "I’ll see the poll results and create a new one if necessary for presentation meeting\nalso, put in calendar repetitive event for chosen time slot",
        "ts": "1507670362.000082"
    },
    {
        "type": "message",
        "user": "U7G0224R1",
        "text": "<@U7G5A88LB> if there’s anything else, you can assign it to me, since I don’t have that much to do :stuck_out_tongue_closed_eyes:",
        "ts": "1507670395.000463"
    },
    {
        "type": "message",
        "user": "U7G07658B",
        "text": "me 2 <@U7G5A88LB>",
        "ts": "1507670752.000215"
    }
]