[
    {
        "type": "message",
        "user": "U7FCKAGMN",
        "text": "Everyone, create github accounts and give me usernames so i can invite you",
        "ts": "1507982509.000030"
    },
    {
        "type": "message",
        "user": "U7G5A88LB",
        "text": "my email for github is: <mailto:jasna.jankovic@fer.hr|jasna.jankovic@fer.hr>",
        "ts": "1507982579.000025"
    },
    {
        "type": "message",
        "user": "U7FCKAGMN",
        "text": "Give me your github username because: You'll only be able to find a GitHub user by their email address if they've chosen to list it publicly. Otherwise, use their username instead.\n",
        "ts": "1507983448.000031"
    },
    {
        "type": "message",
        "user": "U7G5A88LB",
        "text": "oh, ok, here: jj47763",
        "ts": "1507983499.000038"
    },
    {
        "type": "message",
        "user": "U7GUF8GPQ",
        "text": "suso1996",
        "ts": "1507983663.000040"
    },
    {
        "type": "message",
        "user": "U7G0224R1",
        "text": "marinzg",
        "ts": "1507983732.000001"
    },
    {
        "type": "message",
        "user": "U7H4REF47",
        "text": "laky55555",
        "ts": "1507990010.000035"
    },
    {
        "type": "message",
        "user": "U7G07658B",
        "text": "aargnaxx ",
        "ts": "1507998854.000077"
    }
]