[
    {
        "id": "U7FCKAGMN",
        "team_id": "T7FCGNJ5N",
        "name": "antonio.sostar56",
        "deleted": false,
        "color": "e7392d",
        "real_name": "Antonio \u0160o\u0161tar",
        "tz": "Europe\/Amsterdam",
        "tz_label": "Central European Summer Time",
        "tz_offset": 7200,
        "profile": {
            "real_name": "Antonio \u0160o\u0161tar",
            "display_name": "Antonio",
            "avatar_hash": "geafe14955d4",
            "title": "",
            "real_name_normalized": "Antonio Sostar",
            "display_name_normalized": "Antonio",
            "image_24": "https:\/\/secure.gravatar.com\/avatar\/eafe14955d40d235b2371d997373373b.jpg?s=24&d=https%3A%2F%2Fa.slack-edge.com%2F66f9%2Fimg%2Favatars%2Fava_0012-24.png",
            "image_32": "https:\/\/secure.gravatar.com\/avatar\/eafe14955d40d235b2371d997373373b.jpg?s=32&d=https%3A%2F%2Fa.slack-edge.com%2F66f9%2Fimg%2Favatars%2Fava_0012-32.png",
            "image_48": "https:\/\/secure.gravatar.com\/avatar\/eafe14955d40d235b2371d997373373b.jpg?s=48&d=https%3A%2F%2Fa.slack-edge.com%2F66f9%2Fimg%2Favatars%2Fava_0012-48.png",
            "image_72": "https:\/\/secure.gravatar.com\/avatar\/eafe14955d40d235b2371d997373373b.jpg?s=72&d=https%3A%2F%2Fa.slack-edge.com%2F66f9%2Fimg%2Favatars%2Fava_0012-72.png",
            "image_192": "https:\/\/secure.gravatar.com\/avatar\/eafe14955d40d235b2371d997373373b.jpg?s=192&d=https%3A%2F%2Fa.slack-edge.com%2F7fa9%2Fimg%2Favatars%2Fava_0012-192.png",
            "image_512": "https:\/\/secure.gravatar.com\/avatar\/eafe14955d40d235b2371d997373373b.jpg?s=512&d=https%3A%2F%2Fa.slack-edge.com%2F7fa9%2Fimg%2Favatars%2Fava_0012-512.png",
            "fields": null,
            "team": "T7FCGNJ5N"
        },
        "is_admin": true,
        "is_owner": false,
        "is_primary_owner": false,
        "is_restricted": false,
        "is_ultra_restricted": false,
        "is_bot": false,
        "updated": 1507663873,
        "is_app_user": false
    },
    {
        "id": "U7FDLMP6U",
        "team_id": "T7FCGNJ5N",
        "name": "exporter",
        "deleted": false,
        "color": "e96699",
        "real_name": "exporter",
        "tz": null,
        "tz_label": "Pacific Daylight Time",
        "tz_offset": -25200,
        "profile": {
            "bot_id": "B7FHHTBPT",
            "api_app_id": "",
            "always_active": false,
            "real_name": "exporter",
            "display_name": "",
            "avatar_hash": "c009b4449d3a",
            "image_24": "https:\/\/avatars.slack-edge.com\/2017-10-10\/254252354789_c009b4449d3a8c53405f_24.png",
            "image_32": "https:\/\/avatars.slack-edge.com\/2017-10-10\/254252354789_c009b4449d3a8c53405f_32.png",
            "image_48": "https:\/\/avatars.slack-edge.com\/2017-10-10\/254252354789_c009b4449d3a8c53405f_48.png",
            "image_72": "https:\/\/avatars.slack-edge.com\/2017-10-10\/254252354789_c009b4449d3a8c53405f_72.png",
            "image_192": "https:\/\/avatars.slack-edge.com\/2017-10-10\/254252354789_c009b4449d3a8c53405f_192.png",
            "image_512": "https:\/\/avatars.slack-edge.com\/2017-10-10\/254252354789_c009b4449d3a8c53405f_512.png",
            "image_1024": "https:\/\/avatars.slack-edge.com\/2017-10-10\/254252354789_c009b4449d3a8c53405f_1024.png",
            "image_original": "https:\/\/avatars.slack-edge.com\/2017-10-10\/254252354789_c009b4449d3a8c53405f_original.png",
            "real_name_normalized": "exporter",
            "display_name_normalized": "",
            "fields": null,
            "team": "T7FCGNJ5N"
        },
        "is_admin": false,
        "is_owner": false,
        "is_primary_owner": false,
        "is_restricted": false,
        "is_ultra_restricted": false,
        "is_bot": true,
        "updated": 1507648729,
        "is_app_user": false
    },
    {
        "id": "U7JAPD6HF",
        "team_id": "T7FCGNJ5N",
        "name": "igor.cavrak",
        "deleted": false,
        "color": "5b89d5",
        "real_name": "Igor \u010cavrak",
        "tz": "Europe\/Amsterdam",
        "tz_label": "Central European Summer Time",
        "tz_offset": 7200,
        "profile": {
            "real_name": "Igor \u010cavrak",
            "display_name": "",
            "avatar_hash": "gbf69cc414bd",
            "title": "",
            "real_name_normalized": "Igor Cavrak",
            "display_name_normalized": "",
            "image_24": "https:\/\/secure.gravatar.com\/avatar\/bf69cc414bde2480bb12b451599832de.jpg?s=24&d=https%3A%2F%2Fa.slack-edge.com%2F66f9%2Fimg%2Favatars%2Fava_0015-24.png",
            "image_32": "https:\/\/secure.gravatar.com\/avatar\/bf69cc414bde2480bb12b451599832de.jpg?s=32&d=https%3A%2F%2Fa.slack-edge.com%2F66f9%2Fimg%2Favatars%2Fava_0015-32.png",
            "image_48": "https:\/\/secure.gravatar.com\/avatar\/bf69cc414bde2480bb12b451599832de.jpg?s=48&d=https%3A%2F%2Fa.slack-edge.com%2F66f9%2Fimg%2Favatars%2Fava_0015-48.png",
            "image_72": "https:\/\/secure.gravatar.com\/avatar\/bf69cc414bde2480bb12b451599832de.jpg?s=72&d=https%3A%2F%2Fa.slack-edge.com%2F66f9%2Fimg%2Favatars%2Fava_0015-72.png",
            "image_192": "https:\/\/secure.gravatar.com\/avatar\/bf69cc414bde2480bb12b451599832de.jpg?s=192&d=https%3A%2F%2Fa.slack-edge.com%2F7fa9%2Fimg%2Favatars%2Fava_0015-192.png",
            "image_512": "https:\/\/secure.gravatar.com\/avatar\/bf69cc414bde2480bb12b451599832de.jpg?s=512&d=https%3A%2F%2Fa.slack-edge.com%2F7fa9%2Fimg%2Favatars%2Fava_0015-512.png",
            "fields": null,
            "team": "T7FCGNJ5N"
        },
        "is_admin": false,
        "is_owner": false,
        "is_primary_owner": false,
        "is_restricted": false,
        "is_ultra_restricted": false,
        "is_bot": false,
        "updated": 1508159532,
        "is_app_user": false
    },
    {
        "id": "U7G5A88LB",
        "team_id": "T7FCGNJ5N",
        "name": "jasna.jankovic1",
        "deleted": false,
        "color": "e0a729",
        "real_name": "Jasna Jankovi\u0107",
        "tz": "Europe\/Amsterdam",
        "tz_label": "Central European Summer Time",
        "tz_offset": 7200,
        "profile": {
            "real_name": "Jasna Jankovi\u0107",
            "display_name": "Jasna",
            "avatar_hash": "a83c42f0153b",
            "title": "",
            "image_24": "https:\/\/avatars.slack-edge.com\/2017-10-14\/255832533633_a83c42f0153b754eb623_24.jpg",
            "image_32": "https:\/\/avatars.slack-edge.com\/2017-10-14\/255832533633_a83c42f0153b754eb623_32.jpg",
            "image_48": "https:\/\/avatars.slack-edge.com\/2017-10-14\/255832533633_a83c42f0153b754eb623_48.jpg",
            "image_72": "https:\/\/avatars.slack-edge.com\/2017-10-14\/255832533633_a83c42f0153b754eb623_72.jpg",
            "image_192": "https:\/\/avatars.slack-edge.com\/2017-10-14\/255832533633_a83c42f0153b754eb623_192.jpg",
            "image_512": "https:\/\/avatars.slack-edge.com\/2017-10-14\/255832533633_a83c42f0153b754eb623_512.jpg",
            "image_1024": "https:\/\/avatars.slack-edge.com\/2017-10-14\/255832533633_a83c42f0153b754eb623_1024.jpg",
            "image_original": "https:\/\/avatars.slack-edge.com\/2017-10-14\/255832533633_a83c42f0153b754eb623_original.jpg",
            "fields": [],
            "first_name": "Jasna",
            "last_name": "Jankovi\u0107",
            "real_name_normalized": "Jasna Jankovic",
            "display_name_normalized": "Jasna",
            "team": "T7FCGNJ5N"
        },
        "is_admin": true,
        "is_owner": false,
        "is_primary_owner": false,
        "is_restricted": false,
        "is_ultra_restricted": false,
        "is_bot": false,
        "updated": 1507981045,
        "is_app_user": false
    },
    {
        "id": "U7GUF8GPQ",
        "team_id": "T7FCGNJ5N",
        "name": "jaz17001",
        "deleted": false,
        "color": "3c989f",
        "real_name": "Jes\u00fas Miguel \u00c1lvarez Dom\u00ednguez",
        "tz": "Europe\/Amsterdam",
        "tz_label": "Central European Summer Time",
        "tz_offset": 7200,
        "profile": {
            "real_name": "Jes\u00fas Miguel \u00c1lvarez Dom\u00ednguez",
            "display_name": "Jes\u00fas",
            "avatar_hash": "008f73f93a9e",
            "title": "Documenter",
            "image_24": "https:\/\/avatars.slack-edge.com\/2017-10-10\/254139442450_008f73f93a9eca4b5eff_24.png",
            "image_32": "https:\/\/avatars.slack-edge.com\/2017-10-10\/254139442450_008f73f93a9eca4b5eff_32.png",
            "image_48": "https:\/\/avatars.slack-edge.com\/2017-10-10\/254139442450_008f73f93a9eca4b5eff_48.png",
            "image_72": "https:\/\/avatars.slack-edge.com\/2017-10-10\/254139442450_008f73f93a9eca4b5eff_72.png",
            "image_192": "https:\/\/avatars.slack-edge.com\/2017-10-10\/254139442450_008f73f93a9eca4b5eff_192.png",
            "image_512": "https:\/\/avatars.slack-edge.com\/2017-10-10\/254139442450_008f73f93a9eca4b5eff_512.png",
            "image_1024": "https:\/\/avatars.slack-edge.com\/2017-10-10\/254139442450_008f73f93a9eca4b5eff_1024.png",
            "image_original": "https:\/\/avatars.slack-edge.com\/2017-10-10\/254139442450_008f73f93a9eca4b5eff_original.png",
            "first_name": "Jes\u00fas",
            "last_name": "Miguel \u00c1lvarez Dom\u00ednguez",
            "real_name_normalized": "Jesus Miguel Alvarez Dominguez",
            "display_name_normalized": "Jesus",
            "fields": null,
            "team": "T7FCGNJ5N"
        },
        "is_admin": true,
        "is_owner": false,
        "is_primary_owner": false,
        "is_restricted": false,
        "is_ultra_restricted": false,
        "is_bot": false,
        "updated": 1507848744,
        "is_app_user": false
    },
    {
        "id": "U7H4REF47",
        "team_id": "T7FCGNJ5N",
        "name": "lakovic.ivan",
        "deleted": false,
        "color": "9f69e7",
        "real_name": "Ivan Lakovic",
        "tz": "Europe\/Amsterdam",
        "tz_label": "Central European Summer Time",
        "tz_offset": 7200,
        "profile": {
            "real_name": "Ivan Lakovic",
            "display_name": "ivan",
            "avatar_hash": "bb8a1f810011",
            "fields": [],
            "first_name": "Ivan",
            "last_name": "Lakovic",
            "image_24": "https:\/\/avatars.slack-edge.com\/2017-10-12\/255631463268_bb8a1f8100114ce65c89_24.jpg",
            "image_32": "https:\/\/avatars.slack-edge.com\/2017-10-12\/255631463268_bb8a1f8100114ce65c89_32.jpg",
            "image_48": "https:\/\/avatars.slack-edge.com\/2017-10-12\/255631463268_bb8a1f8100114ce65c89_48.jpg",
            "image_72": "https:\/\/avatars.slack-edge.com\/2017-10-12\/255631463268_bb8a1f8100114ce65c89_72.jpg",
            "image_192": "https:\/\/avatars.slack-edge.com\/2017-10-12\/255631463268_bb8a1f8100114ce65c89_192.jpg",
            "image_512": "https:\/\/avatars.slack-edge.com\/2017-10-12\/255631463268_bb8a1f8100114ce65c89_512.jpg",
            "image_1024": "https:\/\/avatars.slack-edge.com\/2017-10-12\/255631463268_bb8a1f8100114ce65c89_1024.jpg",
            "image_original": "https:\/\/avatars.slack-edge.com\/2017-10-12\/255631463268_bb8a1f8100114ce65c89_original.jpg",
            "real_name_normalized": "Ivan Lakovic",
            "display_name_normalized": "ivan",
            "team": "T7FCGNJ5N"
        },
        "is_admin": true,
        "is_owner": true,
        "is_primary_owner": true,
        "is_restricted": false,
        "is_ultra_restricted": false,
        "is_bot": false,
        "updated": 1507839050,
        "is_app_user": false
    },
    {
        "id": "U7G0224R1",
        "team_id": "T7FCGNJ5N",
        "name": "marin.marjanovic.zg",
        "deleted": false,
        "color": "4bbe2e",
        "real_name": "Marin Marjanovi\u0107",
        "tz": "America\/Los_Angeles",
        "tz_label": "Pacific Daylight Time",
        "tz_offset": -25200,
        "profile": {
            "real_name": "Marin Marjanovi\u0107",
            "display_name": "marin",
            "avatar_hash": "835f54608adb",
            "title": "",
            "first_name": "Marin",
            "last_name": "Marjanovi\u0107",
            "image_24": "https:\/\/avatars.slack-edge.com\/2017-10-11\/254392782001_835f54608adb6224b01a_24.jpg",
            "image_32": "https:\/\/avatars.slack-edge.com\/2017-10-11\/254392782001_835f54608adb6224b01a_32.jpg",
            "image_48": "https:\/\/avatars.slack-edge.com\/2017-10-11\/254392782001_835f54608adb6224b01a_48.jpg",
            "image_72": "https:\/\/avatars.slack-edge.com\/2017-10-11\/254392782001_835f54608adb6224b01a_72.jpg",
            "image_192": "https:\/\/avatars.slack-edge.com\/2017-10-11\/254392782001_835f54608adb6224b01a_192.jpg",
            "image_512": "https:\/\/avatars.slack-edge.com\/2017-10-11\/254392782001_835f54608adb6224b01a_512.jpg",
            "image_1024": "https:\/\/avatars.slack-edge.com\/2017-10-11\/254392782001_835f54608adb6224b01a_1024.jpg",
            "image_original": "https:\/\/avatars.slack-edge.com\/2017-10-11\/254392782001_835f54608adb6224b01a_original.jpg",
            "fields": [],
            "real_name_normalized": "Marin Marjanovic",
            "display_name_normalized": "marin",
            "team": "T7FCGNJ5N"
        },
        "is_admin": true,
        "is_owner": false,
        "is_primary_owner": false,
        "is_restricted": false,
        "is_ultra_restricted": false,
        "is_bot": false,
        "updated": 1507748846,
        "is_app_user": false
    },
    {
        "id": "U7GETCHU2",
        "team_id": "T7FCGNJ5N",
        "name": "masud.abunaser",
        "deleted": false,
        "color": "684b6c",
        "real_name": "Abu Naser Masud",
        "tz": "Europe\/Amsterdam",
        "tz_label": "Central European Summer Time",
        "tz_offset": 7200,
        "profile": {
            "real_name": "Abu Naser Masud",
            "display_name": "Masud",
            "avatar_hash": "g78b97049a7d",
            "title": "",
            "real_name_normalized": "Abu Naser Masud",
            "display_name_normalized": "Masud",
            "image_24": "https:\/\/secure.gravatar.com\/avatar\/78b97049a7d8ed163dde8759edc618a4.jpg?s=24&d=https%3A%2F%2Fa.slack-edge.com%2F66f9%2Fimg%2Favatars%2Fava_0002-24.png",
            "image_32": "https:\/\/secure.gravatar.com\/avatar\/78b97049a7d8ed163dde8759edc618a4.jpg?s=32&d=https%3A%2F%2Fa.slack-edge.com%2F0180%2Fimg%2Favatars%2Fava_0002-32.png",
            "image_48": "https:\/\/secure.gravatar.com\/avatar\/78b97049a7d8ed163dde8759edc618a4.jpg?s=48&d=https%3A%2F%2Fa.slack-edge.com%2F66f9%2Fimg%2Favatars%2Fava_0002-48.png",
            "image_72": "https:\/\/secure.gravatar.com\/avatar\/78b97049a7d8ed163dde8759edc618a4.jpg?s=72&d=https%3A%2F%2Fa.slack-edge.com%2F66f9%2Fimg%2Favatars%2Fava_0002-72.png",
            "image_192": "https:\/\/secure.gravatar.com\/avatar\/78b97049a7d8ed163dde8759edc618a4.jpg?s=192&d=https%3A%2F%2Fa.slack-edge.com%2F7fa9%2Fimg%2Favatars%2Fava_0002-192.png",
            "image_512": "https:\/\/secure.gravatar.com\/avatar\/78b97049a7d8ed163dde8759edc618a4.jpg?s=512&d=https%3A%2F%2Fa.slack-edge.com%2F7fa9%2Fimg%2Favatars%2Fava_0002-512.png",
            "fields": null,
            "team": "T7FCGNJ5N"
        },
        "is_admin": false,
        "is_owner": false,
        "is_primary_owner": false,
        "is_restricted": false,
        "is_ultra_restricted": false,
        "is_bot": false,
        "updated": 1507704569,
        "is_app_user": false
    },
    {
        "id": "U7G07658B",
        "team_id": "T7FCGNJ5N",
        "name": "slc17001",
        "deleted": false,
        "color": "674b1b",
        "real_name": "Sandi Leti\u0107",
        "tz": "Europe\/Amsterdam",
        "tz_label": "Central European Summer Time",
        "tz_offset": 7200,
        "profile": {
            "real_name": "Sandi Leti\u0107",
            "display_name": "Sandi",
            "avatar_hash": "a85035e3b913",
            "title": "Scrum master",
            "first_name": "Sandi",
            "last_name": "Leti\u0107",
            "phone": "+385955995368",
            "fields": {
                "Xf7GU87U2J": {
                    "value": "sandi.letic",
                    "alt": ""
                }
            },
            "skype": "sandi.letic",
            "image_24": "https:\/\/avatars.slack-edge.com\/2017-10-16\/256811190565_a85035e3b913f439d2cc_24.jpg",
            "image_32": "https:\/\/avatars.slack-edge.com\/2017-10-16\/256811190565_a85035e3b913f439d2cc_32.jpg",
            "image_48": "https:\/\/avatars.slack-edge.com\/2017-10-16\/256811190565_a85035e3b913f439d2cc_48.jpg",
            "image_72": "https:\/\/avatars.slack-edge.com\/2017-10-16\/256811190565_a85035e3b913f439d2cc_72.jpg",
            "image_192": "https:\/\/avatars.slack-edge.com\/2017-10-16\/256811190565_a85035e3b913f439d2cc_192.jpg",
            "image_512": "https:\/\/avatars.slack-edge.com\/2017-10-16\/256811190565_a85035e3b913f439d2cc_512.jpg",
            "image_1024": "https:\/\/avatars.slack-edge.com\/2017-10-16\/256811190565_a85035e3b913f439d2cc_1024.jpg",
            "image_original": "https:\/\/avatars.slack-edge.com\/2017-10-16\/256811190565_a85035e3b913f439d2cc_original.jpg",
            "real_name_normalized": "Sandi Letic",
            "display_name_normalized": "Sandi",
            "team": "T7FCGNJ5N"
        },
        "is_admin": true,
        "is_owner": false,
        "is_primary_owner": false,
        "is_restricted": false,
        "is_ultra_restricted": false,
        "is_bot": false,
        "updated": 1508122650,
        "is_app_user": false
    }
]