[
    {
        "type": "message",
        "user": "U7H4REF47",
        "text": "Late one :smile: ",
        "ts": "1508061980.000038"
    },
    {
        "type": "message",
        "user": "U7FCKAGMN",
        "text": "Late one",
        "ts": "1508063660.000033"
    },
    {
        "type": "message",
        "user": "U7G5A88LB",
        "text": "ok. great! it's a date :slightly_smiling_face:",
        "ts": "1508071301.000064"
    },
    {
        "type": "message",
        "user": "U7G5A88LB",
        "text": "also. Zagreb people, I'm going on a meeting with Igor tomorrow sometime between 12 and 16. if anyone wants to join me, please let me know the time you can make it (between 12 and 16) <@U7FCKAGMN> <@U7H4REF47> <@U7G0224R1>",
        "ts": "1508071553.000084"
    },
    {
        "type": "message",
        "user": "U7FCKAGMN",
        "text": "Around 15",
        "ts": "1508071596.000040"
    },
    {
        "type": "message",
        "user": "U7G0224R1",
        "text": "I’m free after 13",
        "ts": "1508072355.000074"
    },
    {
        "type": "message",
        "user": "U7H4REF47",
        "text": "The later the better ",
        "ts": "1508076058.000055"
    },
    {
        "type": "message",
        "user": "U7GUF8GPQ",
        "text": "I will have to join at 21:20",
        "ts": "1508092650.000007"
    },
    {
        "type": "message",
        "user": "U7H4REF47",
        "text": "We can start then :smiley: ",
        "ts": "1508092784.000013"
    },
    {
        "type": "message",
        "user": "U7G0224R1",
        "text": "I can't join today :confused: ",
        "ts": "1508092820.000040"
    },
    {
        "type": "message",
        "user": "U7G07658B",
        "text": "me neither ",
        "ts": "1508093303.000118"
    },
    {
        "type": "message",
        "user": "U7G07658B",
        "text": "maybe we can contribute tomorrow ",
        "ts": "1508093323.000079"
    },
    {
        "type": "message",
        "user": "U7FCKAGMN",
        "text": "Im not at home, cant join, sorry guys and see you tommoriw",
        "ts": "1508093393.000009"
    },
    {
        "type": "message",
        "user": "U7GUF8GPQ",
        "text": "Would it be better if we do it tomorrow?",
        "ts": "1508095266.000081"
    },
    {
        "type": "message",
        "user": "U7GUF8GPQ",
        "text": "If more people can",
        "ts": "1508095273.000095"
    },
    {
        "type": "message",
        "user": "U7H4REF47",
        "text": "For me it's the same",
        "ts": "1508095346.000077"
    },
    {
        "type": "message",
        "user": "U7GUF8GPQ",
        "text": "And for me",
        "ts": "1508095366.000067"
    },
    {
        "type": "message",
        "user": "U7H4REF47",
        "text": "<@U7G5A88LB>?",
        "ts": "1508095975.000025"
    },
    {
        "type": "message",
        "user": "U7G5A88LB",
        "text": "haha",
        "ts": "1508098027.000034"
    },
    {
        "type": "message",
        "user": "U7G5A88LB",
        "text": "ok, for the meeting with igor tomorrow, let's say 15",
        "ts": "1508098065.000043"
    },
    {
        "type": "message",
        "user": "U7G5A88LB",
        "text": "and for presentation. also the same",
        "ts": "1508098115.000047"
    },
    {
        "type": "message",
        "user": "U7G5A88LB",
        "text": "then better tomorrow ? <@U7H4REF47> <@U7GUF8GPQ>",
        "ts": "1508098206.000070"
    },
    {
        "type": "message",
        "user": "U7H4REF47",
        "text": "yes :slightly_smiling_face:",
        "ts": "1508099818.000107"
    }
]