[
    {
        "type": "message",
        "user": "U7GUF8GPQ",
        "text": "When are we gonna meet then?",
        "ts": "1507991359.000097"
    },
    {
        "type": "message",
        "user": "U7G5A88LB",
        "text": "as there is no time in which everyone is available, i suggest that some of us make the presentation tomorrow",
        "ts": "1508008041.000031"
    },
    {
        "type": "message",
        "user": "U7G5A88LB",
        "text": "and then if necessary, others can add\/correct it later (monday at leatest)",
        "ts": "1508008161.000104"
    },
    {
        "type": "message",
        "user": "U7G5A88LB",
        "text": "ok. so i would like to do it in the morning (11\/12 am :joy:) or in the late evening (9\/10 pm)",
        "ts": "1508008862.000084"
    },
    {
        "type": "message",
        "user": "U7G5A88LB",
        "text": "anyone else?",
        "ts": "1508008867.000034"
    },
    {
        "type": "message",
        "user": "U7GUF8GPQ",
        "text": "Im in for the late one",
        "ts": "1508012339.000080"
    }
]