[
    {
        "user": "U7H4REF47",
        "text": "<@U7H4REF47> has joined the channel",
        "type": "message",
        "subtype": "channel_join",
        "ts": "1507664429.000509"
    },
    {
        "user": "U7FCKAGMN",
        "inviter": "U7H4REF47",
        "text": "<@U7FCKAGMN> has joined the channel",
        "type": "message",
        "subtype": "channel_join",
        "ts": "1507664471.000039"
    },
    {
        "user": "U7GUF8GPQ",
        "inviter": "U7H4REF47",
        "text": "<@U7GUF8GPQ> has joined the channel",
        "type": "message",
        "subtype": "channel_join",
        "ts": "1507664471.000080"
    },
    {
        "user": "U7G5A88LB",
        "inviter": "U7H4REF47",
        "text": "<@U7G5A88LB> has joined the channel",
        "type": "message",
        "subtype": "channel_join",
        "ts": "1507664471.000129"
    },
    {
        "user": "U7G0224R1",
        "inviter": "U7H4REF47",
        "text": "<@U7G0224R1> has joined the channel",
        "type": "message",
        "subtype": "channel_join",
        "ts": "1507664471.000160"
    },
    {
        "user": "U7G07658B",
        "inviter": "U7H4REF47",
        "text": "<@U7G07658B> has joined the channel",
        "type": "message",
        "subtype": "channel_join",
        "ts": "1507664471.000205"
    },
    {
        "type": "message",
        "user": "U7H4REF47",
        "text": "1. home page",
        "ts": "1507664546.000177"
    },
    {
        "type": "message",
        "user": "U7H4REF47",
        "text": "2. login",
        "ts": "1507664577.000460"
    },
    {
        "type": "message",
        "user": "U7H4REF47",
        "text": "3. upload zip",
        "ts": "1507664583.000086"
    },
    {
        "type": "message",
        "user": "U7H4REF47",
        "text": "4. show graph",
        "ts": "1507664591.000299"
    },
    {
        "type": "message",
        "user": "U7H4REF47",
        "text": "5. show detailed analysis",
        "ts": "1507664599.000481"
    },
    {
        "type": "message",
        "user": "U7G0224R1",
        "text": "<https:\/\/doodle.com\/poll\/dgh7qgmb9qhipdpx>\nclick on the “calendar” tab because there are a lot choices",
        "attachments": [
            {
                "title": "Doodle: Weekly together time",
                "title_link": "https:\/\/doodle.com\/poll\/dgh7qgmb9qhipdpx",
                "text": "Doodle radically simplifies the process of scheduling events, meetings, appointments, etc. Herding cats gets 2x faster with Doodle. For free!",
                "fallback": "Doodle: Weekly together time",
                "image_url": "https:\/\/beta.doodle.com\/graphics\/static\/facebookSharingThumbnail.png",
                "from_url": "https:\/\/doodle.com\/poll\/dgh7qgmb9qhipdpx",
                "image_width": 300,
                "image_height": 200,
                "image_bytes": 6864,
                "service_icon": "https:\/\/cdn2.doodle.com\/dist\/i\/650dd6854eeca2499449e1a762978fc2.png",
                "service_name": "beta.doodle.com",
                "id": 1
            }
        ],
        "ts": "1507666977.000298"
    },
    {
        "type": "message",
        "user": "U7G0224R1",
        "text": "oh yea, I already removed times that I’m not available",
        "ts": "1507667005.000114"
    }
]