[
    {
        "type": "message",
        "user": "U7G0224R1",
        "text": "<@U7GUF8GPQ> could you please fill the doodle",
        "ts": "1507749863.000315"
    },
    {
        "type": "message",
        "user": "U7G0224R1",
        "text": "and if you all agree, I would like to create another one if there won’t be a time slot in which everyone is available",
        "ts": "1507750051.000623"
    },
    {
        "type": "message",
        "user": "U7G0224R1",
        "text": "so we can chose the one that’s fits everyones schedule",
        "ts": "1507750123.000149"
    },
    {
        "type": "message",
        "user": "U7GUF8GPQ",
        "text": "Sorry about that, already done",
        "ts": "1507750337.000036"
    },
    {
        "type": "message",
        "user": "U7G0224R1",
        "text": ":+1:",
        "ts": "1507750353.000235"
    }
]