[
    {
        "type": "message",
        "user": "U7G0224R1",
        "text": "You’ll receive an invitation for our weekly together time, since it’s reoccurring, please do not rsvp for all (future) events.\nIt would be better if you would rsvp only for those events for which you know you will be available (maybe you could rsvp every monday for that week) so we all know who’ll be present on each event.",
        "ts": "1508157146.000360",
        "reactions": [
            {
                "name": "+1",
                "users": [
                    "U7G5A88LB"
                ],
                "count": 1
            }
        ]
    }
]