[
    {
        "user": "U7H4REF47",
        "text": "<@U7H4REF47> has joined the channel",
        "type": "message",
        "subtype": "channel_join",
        "ts": "1508177223.000016"
    },
    {
        "user": "U7H4REF47",
        "purpose": "Channel for archiving all questions for score client",
        "text": "<@U7H4REF47> set the channel purpose: Channel for archiving all questions for score client",
        "type": "message",
        "subtype": "channel_purpose",
        "ts": "1508177223.000437"
    },
    {
        "user": "U7G0224R1",
        "inviter": "U7H4REF47",
        "text": "<@U7G0224R1> has joined the channel",
        "type": "message",
        "subtype": "channel_join",
        "ts": "1508177223.000450"
    },
    {
        "user": "U7G5A88LB",
        "inviter": "U7H4REF47",
        "text": "<@U7G5A88LB> has joined the channel",
        "type": "message",
        "subtype": "channel_join",
        "ts": "1508177224.000018"
    },
    {
        "user": "U7GUF8GPQ",
        "inviter": "U7H4REF47",
        "text": "<@U7GUF8GPQ> has joined the channel",
        "type": "message",
        "subtype": "channel_join",
        "ts": "1508177224.000064"
    },
    {
        "user": "U7FCKAGMN",
        "inviter": "U7H4REF47",
        "text": "<@U7FCKAGMN> has joined the channel",
        "type": "message",
        "subtype": "channel_join",
        "ts": "1508177224.000103"
    },
    {
        "user": "U7G07658B",
        "inviter": "U7H4REF47",
        "text": "<@U7G07658B> has joined the channel",
        "type": "message",
        "subtype": "channel_join",
        "ts": "1508177224.000147"
    },
    {
        "user": "U7JAPD6HF",
        "inviter": "U7H4REF47",
        "text": "<@U7JAPD6HF> has joined the channel",
        "type": "message",
        "subtype": "channel_join",
        "ts": "1508177224.000192"
    },
    {
        "user": "U7GETCHU2",
        "inviter": "U7H4REF47",
        "text": "<@U7GETCHU2> has joined the channel",
        "type": "message",
        "subtype": "channel_join",
        "ts": "1508177224.000225"
    },
    {
        "type": "message",
        "user": "U7H4REF47",
        "text": "what is goal of using <http:\/\/slackarchive.io\/>",
        "ts": "1508177244.000644"
    }
]