[
    {
        "user": "U7H4REF47",
        "text": "<@U7H4REF47> has joined the channel",
        "type": "message",
        "subtype": "channel_join",
        "ts": "1507667257.000444"
    },
    {
        "text": "added an integration to this channel: <https:\/\/dsdsnaslack.slack.com\/services\/B7GD955NH|asana>",
        "bot_id": "B7GD955NH",
        "bot_link": "<https:\/\/dsdsnaslack.slack.com\/services\/B7GD955NH|asana>",
        "type": "message",
        "subtype": "bot_add",
        "user": "U7H4REF47",
        "ts": "1507667327.000171"
    }
]