[
    {
        "text": "",
        "bot_id": "B7GD955NH",
        "attachments": [
            {
                "fallback": "Task created: get to know Slack export archive",
                "text": "*ID:* 453812330915680\n*Project*: <https:\/\/app.asana.com\/0\/450039013398257|Backlog>",
                "pretext": "Task created by Jasna Janković",
                "title": "get to know Slack export archive",
                "id": 1,
                "title_link": "https:\/\/app.asana.com\/0\/450039013398257\/453812330915680",
                "color": "1AAFD0",
                "mrkdwn_in": [
                    "text"
                ]
            }
        ],
        "type": "message",
        "subtype": "bot_message",
        "ts": "1508150362.000251"
    },
    {
        "text": "",
        "bot_id": "B7GD955NH",
        "attachments": [
            {
                "fallback": "get to know Slack export archive had its description changed.",
                "text": "format of information, suggest way of input in sna4slack app",
                "pretext": "Task description changed",
                "title": "get to know Slack export archive",
                "id": 1,
                "title_link": "https:\/\/app.asana.com\/0\/450039013398257\/453812330915680",
                "color": "1AAFD0",
                "mrkdwn_in": [
                    "text"
                ]
            }
        ],
        "type": "message",
        "subtype": "bot_message",
        "ts": "1508150536.000146"
    },
    {
        "text": "",
        "bot_id": "B7GD955NH",
        "attachments": [
            {
                "fallback": "get to know Slack export archive had its description changed.",
                "text": "format of information\nsuggest way of input in sna4slack application",
                "pretext": "Task description changed",
                "title": "get to know Slack export archive",
                "id": 1,
                "title_link": "https:\/\/app.asana.com\/0\/450039013398257\/453812330915680",
                "color": "1AAFD0",
                "mrkdwn_in": [
                    "text"
                ]
            }
        ],
        "type": "message",
        "subtype": "bot_message",
        "ts": "1508150596.000158"
    }
]