[
    {
        "text": "",
        "bot_id": "B7GD955NH",
        "attachments": [
            {
                "fallback": "Task created: github",
                "text": "*ID:* 450069037469336\n*Project*: <https:\/\/app.asana.com\/0\/450091195035723|Sprint 1.1>\n*Subtask of*: <https:\/\/app.asana.com\/0\/450091195035723\/450069037000129|Put picture on everything>",
                "pretext": "Task created by Sandi Letić",
                "title": "github",
                "id": 1,
                "title_link": "https:\/\/app.asana.com\/0\/450091195035723\/450069037469336",
                "color": "1AAFD0",
                "mrkdwn_in": [
                    "text"
                ]
            }
        ],
        "type": "message",
        "subtype": "bot_message",
        "ts": "1508122276.000154"
    },
    {
        "text": "",
        "bot_id": "B7GD955NH",
        "attachments": [
            {
                "fallback": "Task created: asana",
                "text": "*ID:* 450069037645437\n*Project*: <https:\/\/app.asana.com\/0\/450091195035723|Sprint 1.1>\n*Subtask of*: <https:\/\/app.asana.com\/0\/450091195035723\/450069037000129|Put picture on everything>",
                "pretext": "Task created by Sandi Letić",
                "title": "asana",
                "id": 1,
                "title_link": "https:\/\/app.asana.com\/0\/450091195035723\/450069037645437",
                "color": "1AAFD0",
                "mrkdwn_in": [
                    "text"
                ]
            }
        ],
        "type": "message",
        "subtype": "bot_message",
        "ts": "1508122277.000078"
    },
    {
        "text": "",
        "bot_id": "B7GD955NH",
        "attachments": [
            {
                "fallback": "Task created: dsd page",
                "text": "*ID:* 450069037837064\n*Project*: <https:\/\/app.asana.com\/0\/450091195035723|Sprint 1.1>\n*Subtask of*: <https:\/\/app.asana.com\/0\/450091195035723\/450069037000129|Put picture on everything>",
                "pretext": "Task created by Sandi Letić",
                "title": "dsd page",
                "id": 1,
                "title_link": "https:\/\/app.asana.com\/0\/450091195035723\/450069037837064",
                "color": "1AAFD0",
                "mrkdwn_in": [
                    "text"
                ]
            }
        ],
        "type": "message",
        "subtype": "bot_message",
        "ts": "1508122279.000090"
    },
    {
        "text": "",
        "bot_id": "B7GD955NH",
        "attachments": [
            {
                "fallback": "Task created: google",
                "text": "*ID:* 450069037803203\n*Project*: <https:\/\/app.asana.com\/0\/450091195035723|Sprint 1.1>\n*Subtask of*: <https:\/\/app.asana.com\/0\/450091195035723\/450069037000129|Put picture on everything>",
                "pretext": "Task created by Sandi Letić",
                "title": "google",
                "id": 1,
                "title_link": "https:\/\/app.asana.com\/0\/450091195035723\/450069037803203",
                "color": "1AAFD0",
                "mrkdwn_in": [
                    "text"
                ]
            }
        ],
        "type": "message",
        "subtype": "bot_message",
        "ts": "1508122695.000132"
    },
    {
        "text": "",
        "bot_id": "B7GD955NH",
        "attachments": [
            {
                "fallback": "Task created: slack",
                "text": "*ID:* 450069037559501\n*Project*: <https:\/\/app.asana.com\/0\/450091195035723|Sprint 1.1>\n*Subtask of*: <https:\/\/app.asana.com\/0\/450091195035723\/450069037000129|Put picture on everything>",
                "pretext": "Task created by Sandi Letić",
                "title": "slack",
                "id": 1,
                "title_link": "https:\/\/app.asana.com\/0\/450091195035723\/450069037559501",
                "color": "1AAFD0",
                "mrkdwn_in": [
                    "text"
                ]
            }
        ],
        "type": "message",
        "subtype": "bot_message",
        "ts": "1508122696.000053"
    },
    {
        "text": "",
        "bot_id": "B7GD955NH",
        "attachments": [
            {
                "fallback": "Put picture on everything was completed.",
                "text": "Completed by Sandi Letić.",
                "pretext": "Task completed",
                "title": "Put picture on everything",
                "id": 1,
                "title_link": "https:\/\/app.asana.com\/0\/450091195035723\/450069037000129",
                "color": "1AAFD0",
                "mrkdwn_in": [
                    "text"
                ]
            }
        ],
        "type": "message",
        "subtype": "bot_message",
        "ts": "1508122757.000168"
    }
]