[
    {
        "text": "",
        "bot_id": "B7GD955NH",
        "attachments": [
            {
                "fallback": "Put picture on everything was completed.",
                "text": "Completed by Jesús Miguel Álvarez.",
                "pretext": "Task completed",
                "title": "Put picture on everything",
                "id": 1,
                "title_link": "https:\/\/app.asana.com\/0\/450091195035723\/450152015043017",
                "color": "1AAFD0",
                "mrkdwn_in": [
                    "text"
                ]
            }
        ],
        "type": "message",
        "subtype": "bot_message",
        "ts": "1507796537.000121"
    },
    {
        "text": "",
        "bot_id": "B7GD955NH",
        "attachments": [
            {
                "fallback": "Task created: Do the Teport for Tuesday's meeting",
                "text": "*ID:* 451555980612030\n*Project*: <https:\/\/app.asana.com\/0\/450091195035723|Sprint 1.1>\n*Assignee*: Jesús Miguel Álvarez",
                "pretext": "Task created by Jesús Miguel Álvarez",
                "title": "Do the Teport for Tuesday's meeting",
                "id": 1,
                "title_link": "https:\/\/app.asana.com\/0\/450091195035723\/451555980612030",
                "color": "1AAFD0",
                "mrkdwn_in": [
                    "text"
                ]
            }
        ],
        "type": "message",
        "subtype": "bot_message",
        "ts": "1507796778.000069"
    },
    {
        "text": "",
        "bot_id": "B7GD955NH",
        "attachments": [
            {
                "fallback": "Task created: github",
                "text": "*ID:* 450150616584635\n*Project*: <https:\/\/app.asana.com\/0\/450091195035723|Sprint 1.1>\n*Subtask of*: <https:\/\/app.asana.com\/0\/450091195035723\/450150616584629|Put picture on everything>",
                "pretext": "Task created by <@U7H4REF47>",
                "title": "github",
                "id": 1,
                "title_link": "https:\/\/app.asana.com\/0\/450091195035723\/450150616584635",
                "color": "1AAFD0",
                "mrkdwn_in": [
                    "text"
                ]
            }
        ],
        "type": "message",
        "subtype": "bot_message",
        "ts": "1507838959.000110"
    },
    {
        "text": "",
        "bot_id": "B7GD955NH",
        "attachments": [
            {
                "fallback": "Task created: slack",
                "text": "*ID:* 450150616584637\n*Project*: <https:\/\/app.asana.com\/0\/450091195035723|Sprint 1.1>\n*Subtask of*: <https:\/\/app.asana.com\/0\/450091195035723\/450150616584629|Put picture on everything>",
                "pretext": "Task created by <@U7H4REF47>",
                "title": "slack",
                "id": 1,
                "title_link": "https:\/\/app.asana.com\/0\/450091195035723\/450150616584637",
                "color": "1AAFD0",
                "mrkdwn_in": [
                    "text"
                ]
            }
        ],
        "type": "message",
        "subtype": "bot_message",
        "ts": "1507839141.000093"
    },
    {
        "text": "",
        "bot_id": "B7GD955NH",
        "attachments": [
            {
                "fallback": "Task created: asana",
                "text": "*ID:* 450152014225246\n*Project*: <https:\/\/app.asana.com\/0\/450091195035723|Sprint 1.1>\n*Subtask of*: <https:\/\/app.asana.com\/0\/450091195035723\/450150616584629|Put picture on everything>",
                "pretext": "Task created by <@U7H4REF47>",
                "title": "asana",
                "id": 1,
                "title_link": "https:\/\/app.asana.com\/0\/450091195035723\/450152014225246",
                "color": "1AAFD0",
                "mrkdwn_in": [
                    "text"
                ]
            }
        ],
        "type": "message",
        "subtype": "bot_message",
        "ts": "1507839142.000125"
    },
    {
        "text": "",
        "bot_id": "B7GD955NH",
        "attachments": [
            {
                "fallback": "Task created: google",
                "text": "*ID:* 450152014599315\n*Project*: <https:\/\/app.asana.com\/0\/450091195035723|Sprint 1.1>\n*Subtask of*: <https:\/\/app.asana.com\/0\/450091195035723\/450150616584629|Put picture on everything>",
                "pretext": "Task created by <@U7H4REF47>",
                "title": "google",
                "id": 1,
                "title_link": "https:\/\/app.asana.com\/0\/450091195035723\/450152014599315",
                "color": "1AAFD0",
                "mrkdwn_in": [
                    "text"
                ]
            }
        ],
        "type": "message",
        "subtype": "bot_message",
        "ts": "1507839142.000565"
    },
    {
        "text": "",
        "bot_id": "B7GD955NH",
        "attachments": [
            {
                "fallback": "Put picture on everything was completed.",
                "text": "Completed by <@U7H4REF47>.",
                "pretext": "Task completed",
                "title": "Put picture on everything",
                "id": 1,
                "title_link": "https:\/\/app.asana.com\/0\/450091195035723\/450150616584629",
                "color": "1AAFD0",
                "mrkdwn_in": [
                    "text"
                ]
            }
        ],
        "type": "message",
        "subtype": "bot_message",
        "ts": "1507844599.000243"
    },
    {
        "text": "",
        "bot_id": "B7GD955NH",
        "attachments": [
            {
                "fallback": "Task created: dsd page",
                "text": "*ID:* 450152014757172\n*Project*: <https:\/\/app.asana.com\/0\/450091195035723|Sprint 1.1>\n*Subtask of*: <https:\/\/app.asana.com\/0\/450091195035723\/450150616584629|Put picture on everything>",
                "pretext": "Task created by <@U7H4REF47>",
                "title": "dsd page",
                "id": 1,
                "title_link": "https:\/\/app.asana.com\/0\/450091195035723\/450152014757172",
                "color": "1AAFD0",
                "mrkdwn_in": [
                    "text"
                ]
            }
        ],
        "type": "message",
        "subtype": "bot_message",
        "ts": "1507844600.000063"
    }
]