[
    {
        "text": "",
        "bot_id": "B7GD955NH",
        "attachments": [
            {
                "fallback": "Task created: Find the best time slot for weekly \"together\" time",
                "text": "*ID:* 451051484298441\n*Project*: <https:\/\/app.asana.com\/0\/450091195035723|Sprint 1.1>\n*Assignee*: Marin Marjanovic",
                "pretext": "Task created by Marin Marjanovic",
                "title": "Find the best time slot for weekly \"together\" time",
                "id": 1,
                "title_link": "https:\/\/app.asana.com\/0\/450091195035723\/451051484298441",
                "color": "1AAFD0",
                "mrkdwn_in": [
                    "text"
                ]
            }
        ],
        "type": "message",
        "subtype": "bot_message",
        "ts": "1507750338.000452"
    }
]