[
    {
        "text": "",
        "bot_id": "B7GD955NH",
        "attachments": [
            {
                "fallback": "Task created: dsd page",
                "text": "*ID:* 450152021732570\n*Project*: <https:\/\/app.asana.com\/0\/450091195035723|Sprint 1.1>\n*Subtask of*: <https:\/\/app.asana.com\/0\/450091195035723\/450152017083380|Put picture on everything>",
                "pretext": "Task created by Jasna Janković",
                "title": "dsd page",
                "id": 1,
                "title_link": "https:\/\/app.asana.com\/0\/450091195035723\/450152021732570",
                "color": "1AAFD0",
                "mrkdwn_in": [
                    "text"
                ]
            }
        ],
        "type": "message",
        "subtype": "bot_message",
        "ts": "1507981163.000023"
    },
    {
        "text": "",
        "bot_id": "B7GD955NH",
        "attachments": [
            {
                "fallback": "Task created: asana",
                "text": "*ID:* 450152018952928\n*Project*: <https:\/\/app.asana.com\/0\/450091195035723|Sprint 1.1>\n*Subtask of*: <https:\/\/app.asana.com\/0\/450091195035723\/450152017083380|Put picture on everything>",
                "pretext": "Task created by Jasna Janković",
                "title": "asana",
                "id": 1,
                "title_link": "https:\/\/app.asana.com\/0\/450091195035723\/450152018952928",
                "color": "1AAFD0",
                "mrkdwn_in": [
                    "text"
                ]
            }
        ],
        "type": "message",
        "subtype": "bot_message",
        "ts": "1507981164.000030"
    },
    {
        "text": "",
        "bot_id": "B7GD955NH",
        "attachments": [
            {
                "fallback": "Task created: slack",
                "text": "*ID:* 450152018423891\n*Project*: <https:\/\/app.asana.com\/0\/450091195035723|Sprint 1.1>\n*Subtask of*: <https:\/\/app.asana.com\/0\/450091195035723\/450152017083380|Put picture on everything>",
                "pretext": "Task created by Jasna Janković",
                "title": "slack",
                "id": 1,
                "title_link": "https:\/\/app.asana.com\/0\/450091195035723\/450152018423891",
                "color": "1AAFD0",
                "mrkdwn_in": [
                    "text"
                ]
            }
        ],
        "type": "message",
        "subtype": "bot_message",
        "ts": "1507981165.000061"
    },
    {
        "text": "",
        "bot_id": "B7GD955NH",
        "attachments": [
            {
                "fallback": "Task created: google",
                "text": "*ID:* 450152019210075\n*Project*: <https:\/\/app.asana.com\/0\/450091195035723|Sprint 1.1>\n*Subtask of*: <https:\/\/app.asana.com\/0\/450091195035723\/450152017083380|Put picture on everything>",
                "pretext": "Task created by Jasna Janković",
                "title": "google",
                "id": 1,
                "title_link": "https:\/\/app.asana.com\/0\/450091195035723\/450152019210075",
                "color": "1AAFD0",
                "mrkdwn_in": [
                    "text"
                ]
            }
        ],
        "type": "message",
        "subtype": "bot_message",
        "ts": "1507981700.000004"
    },
    {
        "text": "",
        "bot_id": "B7GD955NH",
        "attachments": [
            {
                "fallback": "Put picture on everything was completed.",
                "text": "Completed by Jasna Janković.",
                "pretext": "Task completed",
                "title": "Put picture on everything",
                "id": 1,
                "title_link": "https:\/\/app.asana.com\/0\/450091195035723\/450152017083380",
                "color": "1AAFD0",
                "mrkdwn_in": [
                    "text"
                ]
            }
        ],
        "type": "message",
        "subtype": "bot_message",
        "ts": "1507982057.000004"
    },
    {
        "text": "",
        "bot_id": "B7GD955NH",
        "attachments": [
            {
                "fallback": "Task created: github",
                "text": "*ID:* 450152017863502\n*Project*: <https:\/\/app.asana.com\/0\/450091195035723|Sprint 1.1>\n*Subtask of*: <https:\/\/app.asana.com\/0\/450091195035723\/450152017083380|Put picture on everything>",
                "pretext": "Task created by Jasna Janković",
                "title": "github",
                "id": 1,
                "title_link": "https:\/\/app.asana.com\/0\/450091195035723\/450152017863502",
                "color": "1AAFD0",
                "mrkdwn_in": [
                    "text"
                ]
            }
        ],
        "type": "message",
        "subtype": "bot_message",
        "ts": "1507982057.000059"
    }
]